2026-03-20 13:13:01,757 | INFO | __main__ | Starting LearnBot...
2026-03-20 13:13:01,774 | INFO | database.db | Database initialized successfully.
2026-03-20 13:13:06,268 | INFO | __main__ | Bot started. Polling...
2026-03-20 13:13:06,269 | INFO | aiogram.dispatcher | Start polling
2026-03-20 13:13:06,674 | INFO | aiogram.dispatcher | Run polling for bot @learnasawaken_bot id=8596279476 - 'Learn Bot'
2026-03-20 13:13:39,865 | INFO | aiogram.event | Update id=940454152 is handled. Duration 2588 ms by bot id=8596279476
2026-03-20 13:13:44,935 | INFO | aiogram.event | Update id=940454153 is handled. Duration 375 ms by bot id=8596279476
2026-03-20 13:13:50,207 | INFO | aiogram.event | Update id=940454154 is handled. Duration 177 ms by bot id=8596279476
2026-03-20 13:13:53,569 | INFO | aiogram.event | Update id=940454155 is handled. Duration 409 ms by bot id=8596279476
2026-03-20 13:14:01,279 | INFO | aiogram.event | Update id=940454156 is handled. Duration 235 ms by bot id=8596279476
2026-03-20 13:14:09,963 | INFO | aiogram.event | Update id=940454157 is handled. Duration 181 ms by bot id=8596279476
2026-03-20 13:14:17,120 | INFO | aiogram.event | Update id=940454158 is handled. Duration 917 ms by bot id=8596279476
2026-03-20 13:14:20,807 | INFO | aiogram.event | Update id=940454159 is handled. Duration 204 ms by bot id=8596279476
2026-03-20 13:14:23,991 | INFO | aiogram.event | Update id=940454160 is handled. Duration 297 ms by bot id=8596279476
2026-03-20 13:14:29,000 | INFO | aiogram.event | Update id=940454161 is handled. Duration 204 ms by bot id=8596279476
2026-03-20 13:14:32,054 | INFO | aiogram.event | Update id=940454162 is handled. Duration 186 ms by bot id=8596279476
2026-03-20 13:14:36,763 | INFO | aiogram.event | Update id=940454163 is handled. Duration 800 ms by bot id=8596279476
2026-03-20 13:14:49,070 | INFO | aiogram.event | Update id=940454164 is handled. Duration 585 ms by bot id=8596279476
2026-03-20 13:14:53,989 | INFO | aiogram.event | Update id=940454165 is handled. Duration 1231 ms by bot id=8596279476
2026-03-20 13:15:00,361 | INFO | aiogram.event | Update id=940454166 is handled. Duration 230 ms by bot id=8596279476
2026-03-20 13:15:02,876 | INFO | aiogram.event | Update id=940454167 is handled. Duration 314 ms by bot id=8596279476
2026-03-20 13:15:04,777 | INFO | aiogram.event | Update id=940454168 is handled. Duration 448 ms by bot id=8596279476
2026-03-20 13:15:08,280 | INFO | aiogram.event | Update id=940454169 is handled. Duration 367 ms by bot id=8596279476
2026-03-20 13:15:13,119 | INFO | aiogram.event | Update id=940454170 is handled. Duration 429 ms by bot id=8596279476
2026-03-20 13:15:19,350 | INFO | aiogram.event | Update id=940454171 is handled. Duration 378 ms by bot id=8596279476
2026-03-20 13:15:25,730 | INFO | aiogram.event | Update id=940454172 is handled. Duration 409 ms by bot id=8596279476
2026-03-20 13:15:34,687 | INFO | aiogram.event | Update id=940454173 is handled. Duration 568 ms by bot id=8596279476
2026-03-20 13:15:42,355 | INFO | aiogram.event | Update id=940454174 is handled. Duration 193 ms by bot id=8596279476
2026-03-20 13:15:46,560 | INFO | aiogram.event | Update id=940454175 is handled. Duration 401 ms by bot id=8596279476
2026-03-20 13:15:49,487 | INFO | aiogram.event | Update id=940454176 is not handled. Duration 408 ms by bot id=8596279476
2026-03-20 13:15:49,487 | ERROR | aiogram.event | Cause exception while process update id=940454176 by bot id=8596279476
TelegramBadRequest: Telegram server says - Bad Request: message is not modified: specified new message content and reply markup are exactly the same as a current content and reply markup of the message
Traceback (most recent call last):
  File "/home/userbegi/learnbot/venv/lib/python3.12/site-packages/aiogram/dispatcher/dispatcher.py", line 309, in _process_update
    response = await self.feed_update(bot, update, **kwargs)
               ^^^^^^^^^^^^^^^^^^^^^^^^^^^^^^^^^^^^^^^^^^^^^
  File "/home/userbegi/learnbot/venv/lib/python3.12/site-packages/aiogram/dispatcher/dispatcher.py", line 158, in feed_update
    response = await self.update.wrap_outer_middleware(
               ^^^^^^^^^^^^^^^^^^^^^^^^^^^^^^^^^^^^^^^^
  File "/home/userbegi/learnbot/venv/lib/python3.12/site-packages/aiogram/dispatcher/middlewares/error.py", line 25, in __call__
    return await handler(event, data)
           ^^^^^^^^^^^^^^^^^^^^^^^^^^
  File "/home/userbegi/learnbot/venv/lib/python3.12/site-packages/aiogram/dispatcher/middlewares/user_context.py", line 49, in __call__
    return await handler(event, data)
           ^^^^^^^^^^^^^^^^^^^^^^^^^^
  File "/home/userbegi/learnbot/venv/lib/python3.12/site-packages/aiogram/fsm/middleware.py", line 42, in __call__
    return await handler(event, data)
           ^^^^^^^^^^^^^^^^^^^^^^^^^^
  File "/home/userbegi/learnbot/venv/lib/python3.12/site-packages/aiogram/dispatcher/event/telegram.py", line 121, in trigger
    return await wrapped_inner(event, kwargs)
           ^^^^^^^^^^^^^^^^^^^^^^^^^^^^^^^^^^
  File "/home/userbegi/learnbot/venv/lib/python3.12/site-packages/aiogram/dispatcher/event/handler.py", line 43, in call
    return await wrapped()
           ^^^^^^^^^^^^^^^
  File "/home/userbegi/learnbot/venv/lib/python3.12/site-packages/aiogram/dispatcher/dispatcher.py", line 276, in _listen_update
    return await self.propagate_event(update_type=update_type, event=event, **kwargs)
           ^^^^^^^^^^^^^^^^^^^^^^^^^^^^^^^^^^^^^^^^^^^^^^^^^^^^^^^^^^^^^^^^^^^^^^^^^^
  File "/home/userbegi/learnbot/venv/lib/python3.12/site-packages/aiogram/dispatcher/router.py", line 142, in propagate_event
    return await observer.wrap_outer_middleware(_wrapped, event=event, data=kwargs)
           ^^^^^^^^^^^^^^^^^^^^^^^^^^^^^^^^^^^^^^^^^^^^^^^^^^^^^^^^^^^^^^^^^^^^^^^^
  File "/home/userbegi/learnbot/venv/lib/python3.12/site-packages/aiogram/dispatcher/router.py", line 137, in _wrapped
    return await self._propagate_event(
           ^^^^^^^^^^^^^^^^^^^^^^^^^^^^
  File "/home/userbegi/learnbot/venv/lib/python3.12/site-packages/aiogram/dispatcher/router.py", line 170, in _propagate_event
    response = await router.propagate_event(update_type=update_type, event=event, **kwargs)
               ^^^^^^^^^^^^^^^^^^^^^^^^^^^^^^^^^^^^^^^^^^^^^^^^^^^^^^^^^^^^^^^^^^^^^^^^^^^^
  File "/home/userbegi/learnbot/venv/lib/python3.12/site-packages/aiogram/dispatcher/router.py", line 142, in propagate_event
    return await observer.wrap_outer_middleware(_wrapped, event=event, data=kwargs)
           ^^^^^^^^^^^^^^^^^^^^^^^^^^^^^^^^^^^^^^^^^^^^^^^^^^^^^^^^^^^^^^^^^^^^^^^^
  File "/home/userbegi/learnbot/venv/lib/python3.12/site-packages/aiogram/dispatcher/router.py", line 137, in _wrapped
    return await self._propagate_event(
           ^^^^^^^^^^^^^^^^^^^^^^^^^^^^
  File "/home/userbegi/learnbot/venv/lib/python3.12/site-packages/aiogram/dispatcher/router.py", line 162, in _propagate_event
    response = await observer.trigger(event, **kwargs)
               ^^^^^^^^^^^^^^^^^^^^^^^^^^^^^^^^^^^^^^^
  File "/home/userbegi/learnbot/venv/lib/python3.12/site-packages/aiogram/dispatcher/event/telegram.py", line 121, in trigger
    return await wrapped_inner(event, kwargs)
           ^^^^^^^^^^^^^^^^^^^^^^^^^^^^^^^^^^
  File "/home/userbegi/learnbot/middlewares/auth.py", line 37, in __call__
    return await handler(event, data)
           ^^^^^^^^^^^^^^^^^^^^^^^^^^
  File "/home/userbegi/learnbot/venv/lib/python3.12/site-packages/aiogram/dispatcher/event/handler.py", line 43, in call
    return await wrapped()
           ^^^^^^^^^^^^^^^
  File "/home/userbegi/learnbot/handlers/admin_promo.py", line 190, in adm_list_promos
    await call.message.edit_text(text, reply_markup=admin_promo_kb())
  File "/home/userbegi/learnbot/venv/lib/python3.12/site-packages/aiogram/methods/base.py", line 84, in emit
    return await bot(self)
           ^^^^^^^^^^^^^^^
  File "/home/userbegi/learnbot/venv/lib/python3.12/site-packages/aiogram/client/bot.py", line 480, in __call__
    return await self.session(self, method, timeout=request_timeout)
           ^^^^^^^^^^^^^^^^^^^^^^^^^^^^^^^^^^^^^^^^^^^^^^^^^^^^^^^^^
  File "/home/userbegi/learnbot/venv/lib/python3.12/site-packages/aiogram/client/session/base.py", line 254, in __call__
    return cast(TelegramType, await middleware(bot, method))
                              ^^^^^^^^^^^^^^^^^^^^^^^^^^^^^
  File "/home/userbegi/learnbot/venv/lib/python3.12/site-packages/aiogram/client/session/aiohttp.py", line 178, in make_request
    response = self.check_response(
               ^^^^^^^^^^^^^^^^^^^^
  File "/home/userbegi/learnbot/venv/lib/python3.12/site-packages/aiogram/client/session/base.py", line 120, in check_response
    raise TelegramBadRequest(method=method, message=description)
aiogram.exceptions.TelegramBadRequest: Telegram server says - Bad Request: message is not modified: specified new message content and reply markup are exactly the same as a current content and reply markup of the message
2026-03-20 13:15:53,303 | INFO | aiogram.event | Update id=940454177 is handled. Duration 409 ms by bot id=8596279476
2026-03-20 13:15:57,884 | INFO | aiogram.event | Update id=940454178 is handled. Duration 613 ms by bot id=8596279476
2026-03-20 13:16:02,184 | INFO | aiogram.event | Update id=940454179 is handled. Duration 508 ms by bot id=8596279476
2026-03-20 13:16:07,285 | INFO | aiogram.event | Update id=940454180 is handled. Duration 389 ms by bot id=8596279476
2026-03-20 13:16:09,591 | INFO | aiogram.event | Update id=940454181 is handled. Duration 391 ms by bot id=8596279476
2026-03-20 13:16:16,930 | INFO | aiogram.event | Update id=940454182 is handled. Duration 407 ms by bot id=8596279476
2026-03-20 13:16:28,258 | INFO | aiogram.event | Update id=940454183 is not handled. Duration 13 ms by bot id=8596279476
2026-03-20 13:16:35,726 | INFO | aiogram.event | Update id=940454184 is handled. Duration 662 ms by bot id=8596279476
2026-03-20 13:16:41,576 | INFO | aiogram.event | Update id=940454185 is not handled. Duration 13 ms by bot id=8596279476
2026-03-20 13:16:48,229 | INFO | aiogram.event | Update id=940454186 is handled. Duration 373 ms by bot id=8596279476
2026-03-20 13:17:07,722 | INFO | aiogram.event | Update id=940454187 is not handled. Duration 1023 ms by bot id=8596279476
2026-03-20 13:17:07,722 | ERROR | aiogram.event | Cause exception while process update id=940454187 by bot id=8596279476
TelegramBadRequest: Telegram server says - Bad Request: can't parse entities: Unsupported start tag "reactiontypetype.emoji:" at byte offset 241
Traceback (most recent call last):
  File "/home/userbegi/learnbot/venv/lib/python3.12/site-packages/aiogram/client/session/base.py", line 99, in check_response
    response = response_type.model_validate(json_data, context={"bot": bot})
               ^^^^^^^^^^^^^^^^^^^^^^^^^^^^^^^^^^^^^^^^^^^^^^^^^^^^^^^^^^^^^
  File "/home/userbegi/learnbot/venv/lib/python3.12/site-packages/pydantic/main.py", line 551, in model_validate
    return cls.__pydantic_validator__.validate_python(
           ^^^^^^^^^^^^^^^^^^^^^^^^^^^^^^^^^^^^^^^^^^^
pydantic_core._pydantic_core.ValidationError: 4 validation errors for Response[ChatFullInfo]
result.available_reactions.0.ReactionTypeEmoji.type
  Input should be <ReactionTypeType.EMOJI: 'emoji'> [type=literal_error, input_value='paid', input_type=str]
    For further information visit https://errors.pydantic.dev/2.7/v/literal_error
result.available_reactions.0.ReactionTypeEmoji.emoji
  Field required [type=missing, input_value={'type': 'paid'}, input_type=dict]
    For further information visit https://errors.pydantic.dev/2.7/v/missing
result.available_reactions.0.ReactionTypeCustomEmoji.type
  Input should be <ReactionTypeType.CUSTOM_EMOJI: 'custom_emoji'> [type=literal_error, input_value='paid', input_type=str]
    For further information visit https://errors.pydantic.dev/2.7/v/literal_error
result.available_reactions.0.ReactionTypeCustomEmoji.custom_emoji_id
  Field required [type=missing, input_value={'type': 'paid'}, input_type=dict]
    For further information visit https://errors.pydantic.dev/2.7/v/missing

During handling of the above exception, another exception occurred:

Traceback (most recent call last):
  File "/home/userbegi/learnbot/handlers/admin_broadcast.py", line 104, in add_channel_cmd
    chat = await bot.get_chat(cid)
           ^^^^^^^^^^^^^^^^^^^^^^^
  File "/home/userbegi/learnbot/venv/lib/python3.12/site-packages/aiogram/client/bot.py", line 1621, in get_chat
    return await self(call, request_timeout=request_timeout)
           ^^^^^^^^^^^^^^^^^^^^^^^^^^^^^^^^^^^^^^^^^^^^^^^^^
  File "/home/userbegi/learnbot/venv/lib/python3.12/site-packages/aiogram/client/bot.py", line 480, in __call__
    return await self.session(self, method, timeout=request_timeout)
           ^^^^^^^^^^^^^^^^^^^^^^^^^^^^^^^^^^^^^^^^^^^^^^^^^^^^^^^^^
  File "/home/userbegi/learnbot/venv/lib/python3.12/site-packages/aiogram/client/session/base.py", line 254, in __call__
    return cast(TelegramType, await middleware(bot, method))
                              ^^^^^^^^^^^^^^^^^^^^^^^^^^^^^
  File "/home/userbegi/learnbot/venv/lib/python3.12/site-packages/aiogram/client/session/aiohttp.py", line 178, in make_request
    response = self.check_response(
               ^^^^^^^^^^^^^^^^^^^^
  File "/home/userbegi/learnbot/venv/lib/python3.12/site-packages/aiogram/client/session/base.py", line 101, in check_response
    raise ClientDecodeError("Failed to deserialize object", e, json_data)
aiogram.exceptions.ClientDecodeError: Failed to deserialize object
Caused from error: pydantic_core._pydantic_core.ValidationError: 4 validation errors for Response[ChatFullInfo]
result.available_reactions.0.ReactionTypeEmoji.type
  Input should be <ReactionTypeType.EMOJI: 'emoji'> [type=literal_error, input_value='paid', input_type=str]
    For further information visit https://errors.pydantic.dev/2.7/v/literal_error
result.available_reactions.0.ReactionTypeEmoji.emoji
  Field required [type=missing, input_value={'type': 'paid'}, input_type=dict]
    For further information visit https://errors.pydantic.dev/2.7/v/missing
result.available_reactions.0.ReactionTypeCustomEmoji.type
  Input should be <ReactionTypeType.CUSTOM_EMOJI: 'custom_emoji'> [type=literal_error, input_value='paid', input_type=str]
    For further information visit https://errors.pydantic.dev/2.7/v/literal_error
result.available_reactions.0.ReactionTypeCustomEmoji.custom_emoji_id
  Field required [type=missing, input_value={'type': 'paid'}, input_type=dict]
    For further information visit https://errors.pydantic.dev/2.7/v/missing
Content: {'ok': True, 'result': {'id': -1003645292862, 'title': 'LEARNER powered by BEGI', 'username': 'learnerorg', 'type': 'channel', 'active_usernames': ['learnerorg'], 'description': "Har kuni Biz bilan nimadir o'rganing, o'rganuvchilar hamjamiyati asosiy kanali @learnerorg,  guruhi @learner_org_group", 'can_send_gift': True, 'has_visible_history': True, 'linked_chat_id': -1003414183010, 'can_send_paid_media': True, 'accepted_gift_types': {'unlimited_gifts': True, 'limited_gifts': True, 'unique_gifts': True, 'premium_subscription': True, 'gifts_from_channels': True}, 'photo': {'small_file_id': 'AQADAgADLhJrG6WGYUoACAIAA8IuFFIW____y86qh9hsgrY6BA', 'small_file_unique_id': 'AQADLhJrG6WGYUoAAQ', 'big_file_id': 'AQADAgADLhJrG6WGYUoACAMAA8IuFFIW____y86qh9hsgrY6BA', 'big_file_unique_id': 'AQADLhJrG6WGYUoB'}, 'available_reactions': [{'type': 'paid'}, {'type': 'emoji', 'emoji': '🍓'}, {'type': 'emoji', 'emoji': '🕊'}, {'type': 'emoji', 'emoji': '❤'}, {'type': 'emoji', 'emoji': '🔥'}, {'type': 'emoji', 'emoji': '👍'}, {'type': 'emoji', 'emoji': '🥰'}, {'type': 'emoji', 'emoji': '👏'}, {'type': 'emoji', 'emoji': '🤔'}, {'type': 'emoji', 'emoji': '🤯'}, {'type': 'emoji', 'emoji': '🎉'}, {'type': 'emoji', 'emoji': '🤩'}, {'type': 'emoji', 'emoji': '👌'}, {'type': 'emoji', 'emoji': '😍'}, {'type': 'emoji', 'emoji': '❤\u200d🔥'}, {'type': 'emoji', 'emoji': '🌚'}, {'type': 'emoji', 'emoji': '💯'}, {'type': 'emoji', 'emoji': '⚡'}, {'type': 'emoji', 'emoji': '🏆'}, {'type': 'emoji', 'emoji': '👨\u200d💻'}, {'type': 'emoji', 'emoji': '☃'}, {'type': 'emoji', 'emoji': '👀'}, {'type': 'emoji', 'emoji': '😎'}, {'type': 'emoji', 'emoji': '🆒'}], 'max_reaction_count': 11, 'accent_color_id': 1}}

During handling of the above exception, another exception occurred:

Traceback (most recent call last):
  File "/home/userbegi/learnbot/venv/lib/python3.12/site-packages/aiogram/dispatcher/dispatcher.py", line 309, in _process_update
    response = await self.feed_update(bot, update, **kwargs)
               ^^^^^^^^^^^^^^^^^^^^^^^^^^^^^^^^^^^^^^^^^^^^^
  File "/home/userbegi/learnbot/venv/lib/python3.12/site-packages/aiogram/dispatcher/dispatcher.py", line 158, in feed_update
    response = await self.update.wrap_outer_middleware(
               ^^^^^^^^^^^^^^^^^^^^^^^^^^^^^^^^^^^^^^^^
  File "/home/userbegi/learnbot/venv/lib/python3.12/site-packages/aiogram/dispatcher/middlewares/error.py", line 25, in __call__
    return await handler(event, data)
           ^^^^^^^^^^^^^^^^^^^^^^^^^^
  File "/home/userbegi/learnbot/venv/lib/python3.12/site-packages/aiogram/dispatcher/middlewares/user_context.py", line 49, in __call__
    return await handler(event, data)
           ^^^^^^^^^^^^^^^^^^^^^^^^^^
  File "/home/userbegi/learnbot/venv/lib/python3.12/site-packages/aiogram/fsm/middleware.py", line 42, in __call__
    return await handler(event, data)
           ^^^^^^^^^^^^^^^^^^^^^^^^^^
  File "/home/userbegi/learnbot/venv/lib/python3.12/site-packages/aiogram/dispatcher/event/telegram.py", line 121, in trigger
    return await wrapped_inner(event, kwargs)
           ^^^^^^^^^^^^^^^^^^^^^^^^^^^^^^^^^^
  File "/home/userbegi/learnbot/venv/lib/python3.12/site-packages/aiogram/dispatcher/event/handler.py", line 43, in call
    return await wrapped()
           ^^^^^^^^^^^^^^^
  File "/home/userbegi/learnbot/venv/lib/python3.12/site-packages/aiogram/dispatcher/dispatcher.py", line 276, in _listen_update
    return await self.propagate_event(update_type=update_type, event=event, **kwargs)
           ^^^^^^^^^^^^^^^^^^^^^^^^^^^^^^^^^^^^^^^^^^^^^^^^^^^^^^^^^^^^^^^^^^^^^^^^^^
  File "/home/userbegi/learnbot/venv/lib/python3.12/site-packages/aiogram/dispatcher/router.py", line 142, in propagate_event
    return await observer.wrap_outer_middleware(_wrapped, event=event, data=kwargs)
           ^^^^^^^^^^^^^^^^^^^^^^^^^^^^^^^^^^^^^^^^^^^^^^^^^^^^^^^^^^^^^^^^^^^^^^^^
  File "/home/userbegi/learnbot/venv/lib/python3.12/site-packages/aiogram/dispatcher/router.py", line 137, in _wrapped
    return await self._propagate_event(
           ^^^^^^^^^^^^^^^^^^^^^^^^^^^^
  File "/home/userbegi/learnbot/venv/lib/python3.12/site-packages/aiogram/dispatcher/router.py", line 170, in _propagate_event
    response = await router.propagate_event(update_type=update_type, event=event, **kwargs)
               ^^^^^^^^^^^^^^^^^^^^^^^^^^^^^^^^^^^^^^^^^^^^^^^^^^^^^^^^^^^^^^^^^^^^^^^^^^^^
  File "/home/userbegi/learnbot/venv/lib/python3.12/site-packages/aiogram/dispatcher/router.py", line 142, in propagate_event
    return await observer.wrap_outer_middleware(_wrapped, event=event, data=kwargs)
           ^^^^^^^^^^^^^^^^^^^^^^^^^^^^^^^^^^^^^^^^^^^^^^^^^^^^^^^^^^^^^^^^^^^^^^^^
  File "/home/userbegi/learnbot/venv/lib/python3.12/site-packages/aiogram/dispatcher/router.py", line 137, in _wrapped
    return await self._propagate_event(
           ^^^^^^^^^^^^^^^^^^^^^^^^^^^^
  File "/home/userbegi/learnbot/venv/lib/python3.12/site-packages/aiogram/dispatcher/router.py", line 162, in _propagate_event
    response = await observer.trigger(event, **kwargs)
               ^^^^^^^^^^^^^^^^^^^^^^^^^^^^^^^^^^^^^^^
  File "/home/userbegi/learnbot/venv/lib/python3.12/site-packages/aiogram/dispatcher/event/telegram.py", line 121, in trigger
    return await wrapped_inner(event, kwargs)
           ^^^^^^^^^^^^^^^^^^^^^^^^^^^^^^^^^^
  File "/home/userbegi/learnbot/middlewares/throttle.py", line 26, in __call__
    return await handler(event, data)
           ^^^^^^^^^^^^^^^^^^^^^^^^^^
  File "/home/userbegi/learnbot/middlewares/auth.py", line 37, in __call__
    return await handler(event, data)
           ^^^^^^^^^^^^^^^^^^^^^^^^^^
  File "/home/userbegi/learnbot/venv/lib/python3.12/site-packages/aiogram/dispatcher/event/handler.py", line 43, in call
    return await wrapped()
           ^^^^^^^^^^^^^^^
  File "/home/userbegi/learnbot/handlers/admin_broadcast.py", line 108, in add_channel_cmd
    await message.answer(f"❌ Could not verify channel: {e}")
  File "/home/userbegi/learnbot/venv/lib/python3.12/site-packages/aiogram/methods/base.py", line 84, in emit
    return await bot(self)
           ^^^^^^^^^^^^^^^
  File "/home/userbegi/learnbot/venv/lib/python3.12/site-packages/aiogram/client/bot.py", line 480, in __call__
    return await self.session(self, method, timeout=request_timeout)
           ^^^^^^^^^^^^^^^^^^^^^^^^^^^^^^^^^^^^^^^^^^^^^^^^^^^^^^^^^
  File "/home/userbegi/learnbot/venv/lib/python3.12/site-packages/aiogram/client/session/base.py", line 254, in __call__
    return cast(TelegramType, await middleware(bot, method))
                              ^^^^^^^^^^^^^^^^^^^^^^^^^^^^^
  File "/home/userbegi/learnbot/venv/lib/python3.12/site-packages/aiogram/client/session/aiohttp.py", line 178, in make_request
    response = self.check_response(
               ^^^^^^^^^^^^^^^^^^^^
  File "/home/userbegi/learnbot/venv/lib/python3.12/site-packages/aiogram/client/session/base.py", line 120, in check_response
    raise TelegramBadRequest(method=method, message=description)
aiogram.exceptions.TelegramBadRequest: Telegram server says - Bad Request: can't parse entities: Unsupported start tag "reactiontypetype.emoji:" at byte offset 241
2026-03-20 13:17:26,882 | INFO | aiogram.event | Update id=940454188 is handled. Duration 755 ms by bot id=8596279476
2026-03-20 13:17:30,407 | INFO | aiogram.event | Update id=940454189 is handled. Duration 361 ms by bot id=8596279476
2026-03-20 13:17:35,841 | INFO | aiogram.event | Update id=940454190 is handled. Duration 599 ms by bot id=8596279476
2026-03-20 13:17:47,590 | INFO | aiogram.event | Update id=940454191 is handled. Duration 341 ms by bot id=8596279476
2026-03-20 13:17:49,514 | INFO | aiogram.event | Update id=940454192 is handled. Duration 172 ms by bot id=8596279476
2026-03-20 13:17:56,885 | INFO | aiogram.event | Update id=940454193 is handled. Duration 727 ms by bot id=8596279476
2026-03-20 13:18:42,913 | INFO | aiogram.event | Update id=940454194 is handled. Duration 983 ms by bot id=8596279476
2026-03-20 13:18:50,651 | INFO | aiogram.event | Update id=940454195 is handled. Duration 386 ms by bot id=8596279476
2026-03-20 13:18:53,121 | INFO | aiogram.event | Update id=940454196 is handled. Duration 336 ms by bot id=8596279476
2026-03-20 13:18:56,060 | INFO | aiogram.event | Update id=940454197 is handled. Duration 204 ms by bot id=8596279476
2026-03-20 13:19:08,528 | INFO | aiogram.event | Update id=940454198 is handled. Duration 180 ms by bot id=8596279476
2026-03-20 13:19:15,732 | INFO | aiogram.event | Update id=940454199 is handled. Duration 356 ms by bot id=8596279476
2026-03-20 13:19:19,612 | INFO | aiogram.event | Update id=940454200 is handled. Duration 790 ms by bot id=8596279476
2026-03-20 13:19:22,889 | INFO | aiogram.event | Update id=940454201 is handled. Duration 204 ms by bot id=8596279476
2026-03-20 13:19:25,961 | INFO | aiogram.event | Update id=940454202 is handled. Duration 205 ms by bot id=8596279476
2026-03-20 13:19:30,083 | INFO | aiogram.event | Update id=940454203 is handled. Duration 231 ms by bot id=8596279476
2026-03-20 13:19:32,280 | INFO | aiogram.event | Update id=940454204 is handled. Duration 379 ms by bot id=8596279476
2026-03-20 13:19:43,983 | INFO | aiogram.event | Update id=940454205 is handled. Duration 204 ms by bot id=8596279476
2026-03-20 13:19:54,774 | INFO | aiogram.event | Update id=940454206 is handled. Duration 447 ms by bot id=8596279476
2026-03-20 13:19:58,093 | INFO | aiogram.event | Update id=940454207 is handled. Duration 183 ms by bot id=8596279476
2026-03-20 13:20:06,162 | INFO | aiogram.event | Update id=940454208 is handled. Duration 264 ms by bot id=8596279476
2026-03-20 13:20:14,307 | INFO | aiogram.event | Update id=940454209 is handled. Duration 179 ms by bot id=8596279476
2026-03-20 13:20:19,964 | INFO | aiogram.event | Update id=940454210 is handled. Duration 162 ms by bot id=8596279476
2026-03-20 13:20:22,881 | INFO | aiogram.event | Update id=940454211 is handled. Duration 274 ms by bot id=8596279476
2026-03-20 13:20:51,773 | INFO | aiogram.event | Update id=940454212 is handled. Duration 1434 ms by bot id=8596279476
2026-03-20 13:20:56,485 | INFO | aiogram.event | Update id=940454213 is handled. Duration 475 ms by bot id=8596279476
2026-03-20 13:20:59,967 | INFO | aiogram.event | Update id=940454214 is handled. Duration 820 ms by bot id=8596279476
2026-03-20 13:55:46,393 | ERROR | aiogram.dispatcher | Failed to fetch updates - TelegramNetworkError: HTTP Client says - Request timeout error
2026-03-20 13:55:46,394 | WARNING | aiogram.dispatcher | Sleep for 1.000000 seconds and try again... (tryings = 0, bot id = 8596279476)
2026-03-20 13:55:48,088 | INFO | aiogram.dispatcher | Connection established (tryings = 1, bot id = 8596279476)
2026-03-20 13:55:48,899 | INFO | aiogram.event | Update id=940454215 is handled. Duration 809 ms by bot id=8596279476
2026-03-20 13:56:28,860 | INFO | aiogram.event | Update id=940454216 is handled. Duration 1867 ms by bot id=8596279476
2026-03-20 13:56:30,883 | INFO | aiogram.event | Update id=940454217 is handled. Duration 409 ms by bot id=8596279476
2026-03-20 13:56:32,609 | INFO | aiogram.event | Update id=940454218 is handled. Duration 700 ms by bot id=8596279476
2026-03-20 13:56:36,619 | INFO | aiogram.event | Update id=940454219 is handled. Duration 469 ms by bot id=8596279476
2026-03-20 13:56:52,602 | INFO | aiogram.event | Update id=940454220 is handled. Duration 492 ms by bot id=8596279476
2026-03-20 13:56:56,665 | INFO | aiogram.event | Update id=940454221 is handled. Duration 579 ms by bot id=8596279476
2026-03-20 13:56:59,499 | INFO | aiogram.event | Update id=940454222 is handled. Duration 1159 ms by bot id=8596279476
2026-03-20 13:58:03,278 | INFO | aiogram.event | Update id=940454223 is handled. Duration 885 ms by bot id=8596279476
2026-03-20 13:58:29,502 | INFO | aiogram.event | Update id=940454224 is handled. Duration 630 ms by bot id=8596279476
2026-03-20 13:58:39,940 | INFO | aiogram.event | Update id=940454225 is handled. Duration 161 ms by bot id=8596279476
2026-03-20 13:58:48,334 | INFO | aiogram.event | Update id=940454226 is handled. Duration 18 ms by bot id=8596279476
2026-03-20 14:06:13,976 | ERROR | aiogram.dispatcher | Failed to fetch updates - TelegramNetworkError: HTTP Client says - Request timeout error
2026-03-20 14:06:13,977 | WARNING | aiogram.dispatcher | Sleep for 1.000000 seconds and try again... (tryings = 0, bot id = 8596279476)
2026-03-20 14:06:25,768 | INFO | aiogram.dispatcher | Connection established (tryings = 1, bot id = 8596279476)
2026-03-20 14:08:05,578 | WARNING | aiogram.dispatcher | Received SIGINT signal
2026-03-20 14:08:05,579 | INFO | aiogram.dispatcher | Polling stopped for bot @learnasawaken_bot id=8596279476 - 'Learn Bot'
2026-03-20 14:08:05,579 | INFO | aiogram.dispatcher | Polling stopped
2026-03-20 14:09:44,275 | INFO | __main__ | Starting LearnBot...
2026-03-20 14:09:44,276 | INFO | database.db | Database initialized successfully.
2026-03-20 14:09:45,029 | INFO | __main__ | Bot started. Polling...
2026-03-20 14:09:45,030 | INFO | aiogram.dispatcher | Start polling
2026-03-20 14:09:45,274 | INFO | aiogram.dispatcher | Run polling for bot @learnasawaken_bot id=8596279476 - 'Learn Bot'
2026-03-20 14:10:02,073 | INFO | aiogram.event | Update id=940454227 is handled. Duration 827 ms by bot id=8596279476
2026-03-20 14:10:05,137 | INFO | aiogram.event | Update id=940454228 is handled. Duration 206 ms by bot id=8596279476
2026-03-20 14:10:06,979 | INFO | aiogram.event | Update id=940454229 is handled. Duration 408 ms by bot id=8596279476
2026-03-20 14:10:10,053 | INFO | aiogram.event | Update id=940454230 is handled. Duration 306 ms by bot id=8596279476
2026-03-20 14:10:11,491 | INFO | aiogram.event | Update id=940454231 is handled. Duration 182 ms by bot id=8596279476
2026-03-20 14:10:12,918 | INFO | aiogram.event | Update id=940454232 is handled. Duration 296 ms by bot id=8596279476
2026-03-20 14:10:14,136 | INFO | aiogram.event | Update id=940454233 is handled. Duration 356 ms by bot id=8596279476
2026-03-20 14:10:15,457 | INFO | aiogram.event | Update id=940454234 is handled. Duration 184 ms by bot id=8596279476
2026-03-20 14:10:16,605 | INFO | aiogram.event | Update id=940454235 is handled. Duration 204 ms by bot id=8596279476
2026-03-20 14:10:26,031 | INFO | aiogram.event | Update id=940454236 is handled. Duration 202 ms by bot id=8596279476
2026-03-20 14:10:37,269 | INFO | aiogram.event | Update id=940454237 is handled. Duration 590 ms by bot id=8596279476
2026-03-20 14:10:39,338 | INFO | aiogram.event | Update id=940454238 is handled. Duration 612 ms by bot id=8596279476
2026-03-20 14:10:41,659 | INFO | aiogram.event | Update id=940454239 is handled. Duration 433 ms by bot id=8596279476
2026-03-20 14:10:43,024 | INFO | aiogram.event | Update id=940454240 is handled. Duration 408 ms by bot id=8596279476
2026-03-20 14:10:44,168 | INFO | aiogram.event | Update id=940454241 is handled. Duration 308 ms by bot id=8596279476
2026-03-20 14:10:48,764 | INFO | aiogram.event | Update id=940454242 is handled. Duration 422 ms by bot id=8596279476
2026-03-20 14:10:50,607 | INFO | aiogram.event | Update id=940454243 is handled. Duration 316 ms by bot id=8596279476
2026-03-20 14:10:53,224 | INFO | aiogram.event | Update id=940454244 is handled. Duration 563 ms by bot id=8596279476
2026-03-20 14:10:54,730 | INFO | aiogram.event | Update id=940454245 is handled. Duration 232 ms by bot id=8596279476
2026-03-20 14:10:57,941 | INFO | aiogram.event | Update id=940454246 is handled. Duration 370 ms by bot id=8596279476
2026-03-20 14:11:03,816 | INFO | aiogram.event | Update id=940454247 is handled. Duration 714 ms by bot id=8596279476
2026-03-20 14:11:06,040 | INFO | aiogram.event | Update id=940454248 is handled. Duration 481 ms by bot id=8596279476
2026-03-20 14:11:09,032 | INFO | aiogram.event | Update id=940454249 is handled. Duration 808 ms by bot id=8596279476
2026-03-20 14:11:20,514 | INFO | aiogram.event | Update id=940454250 is not handled. Duration 817 ms by bot id=8596279476
2026-03-20 14:11:20,514 | ERROR | aiogram.event | Cause exception while process update id=940454250 by bot id=8596279476
TelegramBadRequest: Telegram server says - Bad Request: can't parse entities: Unsupported start tag "reactiontypetype.emoji:" at byte offset 255
Traceback (most recent call last):
  File "/home/userbegi/learnbot/venv/lib/python3.12/site-packages/aiogram/client/session/base.py", line 99, in check_response
    response = response_type.model_validate(json_data, context={"bot": bot})
               ^^^^^^^^^^^^^^^^^^^^^^^^^^^^^^^^^^^^^^^^^^^^^^^^^^^^^^^^^^^^^
  File "/home/userbegi/learnbot/venv/lib/python3.12/site-packages/pydantic/main.py", line 551, in model_validate
    return cls.__pydantic_validator__.validate_python(
           ^^^^^^^^^^^^^^^^^^^^^^^^^^^^^^^^^^^^^^^^^^^
pydantic_core._pydantic_core.ValidationError: 4 validation errors for Response[ChatFullInfo]
result.available_reactions.0.ReactionTypeEmoji.type
  Input should be <ReactionTypeType.EMOJI: 'emoji'> [type=literal_error, input_value='paid', input_type=str]
    For further information visit https://errors.pydantic.dev/2.7/v/literal_error
result.available_reactions.0.ReactionTypeEmoji.emoji
  Field required [type=missing, input_value={'type': 'paid'}, input_type=dict]
    For further information visit https://errors.pydantic.dev/2.7/v/missing
result.available_reactions.0.ReactionTypeCustomEmoji.type
  Input should be <ReactionTypeType.CUSTOM_EMOJI: 'custom_emoji'> [type=literal_error, input_value='paid', input_type=str]
    For further information visit https://errors.pydantic.dev/2.7/v/literal_error
result.available_reactions.0.ReactionTypeCustomEmoji.custom_emoji_id
  Field required [type=missing, input_value={'type': 'paid'}, input_type=dict]
    For further information visit https://errors.pydantic.dev/2.7/v/missing

During handling of the above exception, another exception occurred:

Traceback (most recent call last):
  File "/home/userbegi/learnbot/handlers/admin_broadcast.py", line 127, in ch_public_id_received
    chat = await bot.get_chat(cid)
           ^^^^^^^^^^^^^^^^^^^^^^^
  File "/home/userbegi/learnbot/venv/lib/python3.12/site-packages/aiogram/client/bot.py", line 1621, in get_chat
    return await self(call, request_timeout=request_timeout)
           ^^^^^^^^^^^^^^^^^^^^^^^^^^^^^^^^^^^^^^^^^^^^^^^^^
  File "/home/userbegi/learnbot/venv/lib/python3.12/site-packages/aiogram/client/bot.py", line 480, in __call__
    return await self.session(self, method, timeout=request_timeout)
           ^^^^^^^^^^^^^^^^^^^^^^^^^^^^^^^^^^^^^^^^^^^^^^^^^^^^^^^^^
  File "/home/userbegi/learnbot/venv/lib/python3.12/site-packages/aiogram/client/session/base.py", line 254, in __call__
    return cast(TelegramType, await middleware(bot, method))
                              ^^^^^^^^^^^^^^^^^^^^^^^^^^^^^
  File "/home/userbegi/learnbot/venv/lib/python3.12/site-packages/aiogram/client/session/aiohttp.py", line 178, in make_request
    response = self.check_response(
               ^^^^^^^^^^^^^^^^^^^^
  File "/home/userbegi/learnbot/venv/lib/python3.12/site-packages/aiogram/client/session/base.py", line 101, in check_response
    raise ClientDecodeError("Failed to deserialize object", e, json_data)
aiogram.exceptions.ClientDecodeError: Failed to deserialize object
Caused from error: pydantic_core._pydantic_core.ValidationError: 4 validation errors for Response[ChatFullInfo]
result.available_reactions.0.ReactionTypeEmoji.type
  Input should be <ReactionTypeType.EMOJI: 'emoji'> [type=literal_error, input_value='paid', input_type=str]
    For further information visit https://errors.pydantic.dev/2.7/v/literal_error
result.available_reactions.0.ReactionTypeEmoji.emoji
  Field required [type=missing, input_value={'type': 'paid'}, input_type=dict]
    For further information visit https://errors.pydantic.dev/2.7/v/missing
result.available_reactions.0.ReactionTypeCustomEmoji.type
  Input should be <ReactionTypeType.CUSTOM_EMOJI: 'custom_emoji'> [type=literal_error, input_value='paid', input_type=str]
    For further information visit https://errors.pydantic.dev/2.7/v/literal_error
result.available_reactions.0.ReactionTypeCustomEmoji.custom_emoji_id
  Field required [type=missing, input_value={'type': 'paid'}, input_type=dict]
    For further information visit https://errors.pydantic.dev/2.7/v/missing
Content: {'ok': True, 'result': {'id': -1002993858730, 'title': 'Use Your 🧠', 'username': 'aboutbegi', 'type': 'channel', 'active_usernames': ['aboutbegi'], 'description': "Behruzbek Rahimjonov Sanjarbek og'li \n22.02.20**\nDasturchi | Teacher\n\nC++,Python\n\n@bybegi\n\n🧠\nKetgazgan vaqtingizga rozi bo'lsangiz qoling🫀\n@Rahimjonov_Behruzbek", 'can_send_gift': True, 'has_visible_history': True, 'linked_chat_id': -1002855825458, 'can_send_paid_media': True, 'accepted_gift_types': {'unlimited_gifts': True, 'limited_gifts': True, 'unique_gifts': True, 'premium_subscription': True, 'gifts_from_channels': True}, 'photo': {'small_file_id': 'AQADAgADFhRrG_U_aEkACAIAA1ZH6HgW____3dvNN6zsiLQ6BA', 'small_file_unique_id': 'AQADFhRrG_U_aEkAAQ', 'big_file_id': 'AQADAgADFhRrG_U_aEkACAMAA1ZH6HgW____3dvNN6zsiLQ6BA', 'big_file_unique_id': 'AQADFhRrG_U_aEkB'}, 'pinned_message': {'message_id': 42, 'from': {'id': 8472924056, 'is_bot': False, 'first_name': 'Behruzbek', 'last_name': 'Rahimjonov', 'username': 'Rahimjonov_Behruzbek', 'language_code': 'en', 'is_premium': True}, 'author_signature': 'ベギ', 'chat': {'id': -1002993858730, 'title': 'Use Your 🧠', 'username': 'aboutbegi', 'type': 'channel'}, 'date': 1758646990, 'edit_date': 1758705875, 'video': {'duration': 9, 'width': 1280, 'height': 752, 'file_name': 'IMG_1704.MOV', 'mime_type': 'video/mp4', 'thumbnail': {'file_id': 'AAMCAgADIQUABLJyqKoAAyppvNb3-ecCl5N46JWfynVce03engACpUUAAjE9UEn-mbsCqZ9uzgEAB20AAzoE', 'file_unique_id': 'AQADpUUAAjE9UEly', 'file_size': 1589, 'width': 320, 'height': 188}, 'thumb': {'file_id': 'AAMCAgADIQUABLJyqKoAAyppvNb3-ecCl5N46JWfynVce03engACpUUAAjE9UEn-mbsCqZ9uzgEAB20AAzoE', 'file_unique_id': 'AQADpUUAAjE9UEly', 'file_size': 1589, 'width': 320, 'height': 188}, 'file_id': 'BAACAgIAAyEFAASycqiqAAMqabzW9_nnApeTeOiVn8p1XHtN3p4AAqVFAAIxPVBJ_pm7Aqmfbs46BA', 'file_unique_id': 'AgADpUUAAjE9UEk', 'file_size': 1222081}, 'caption': '#love\n\n🫀Hayotda chiroyli insonni emas,\nHayotingizni chiroyli qilgan insonni seving!\n🤩🤩🤩🤩\n\n😎@ABOUTBEGI🇺🇿', 'caption_entities': [{'offset': 0, 'length': 5, 'type': 'hashtag'}, {'offset': 9, 'length': 75, 'type': 'bold'}, {'offset': 85, 'length': 2, 'type': 'custom_emoji', 'custom_emoji_id': '5344024555675482501'}, {'offset': 87, 'length': 2, 'type': 'custom_emoji', 'custom_emoji_id': '5343854552279973746'}, {'offset': 89, 'length': 2, 'type': 'custom_emoji', 'custom_emoji_id': '5344055475145043623'}, {'offset': 91, 'length': 2, 'type': 'custom_emoji', 'custom_emoji_id': '5343769675136267705'}, {'offset': 95, 'length': 2, 'type': 'custom_emoji', 'custom_emoji_id': '5332301305002086070'}, {'offset': 97, 'length': 10, 'type': 'mention'}, {'offset': 107, 'length': 4, 'type': 'custom_emoji', 'custom_emoji_id': '5456633061963734854'}]}, 'emoji_status_custom_emoji_id': '5472164874886846699', 'available_reactions': [{'type': 'paid'}, {'type': 'custom_emoji', 'custom_emoji_id': '5384474046568092284'}, {'type': 'custom_emoji', 'custom_emoji_id': '5190458330719461749'}, {'type': 'custom_emoji', 'custom_emoji_id': '5316790180936431490'}, {'type': 'custom_emoji', 'custom_emoji_id': '5316924123786524990'}, {'type': 'custom_emoji', 'custom_emoji_id': '5316968838691043737'}, {'type': 'custom_emoji', 'custom_emoji_id': '5316630292188903702'}, {'type': 'custom_emoji', 'custom_emoji_id': '5316740183222140641'}, {'type': 'custom_emoji', 'custom_emoji_id': '5393333623501904108'}], 'max_reaction_count': 11, 'accent_color_id': 2, 'background_custom_emoji_id': '5361949382641990734', 'profile_background_custom_emoji_id': '5325915487496842326'}}

During handling of the above exception, another exception occurred:

Traceback (most recent call last):
  File "/home/userbegi/learnbot/venv/lib/python3.12/site-packages/aiogram/dispatcher/dispatcher.py", line 309, in _process_update
    response = await self.feed_update(bot, update, **kwargs)
               ^^^^^^^^^^^^^^^^^^^^^^^^^^^^^^^^^^^^^^^^^^^^^
  File "/home/userbegi/learnbot/venv/lib/python3.12/site-packages/aiogram/dispatcher/dispatcher.py", line 158, in feed_update
    response = await self.update.wrap_outer_middleware(
               ^^^^^^^^^^^^^^^^^^^^^^^^^^^^^^^^^^^^^^^^
  File "/home/userbegi/learnbot/venv/lib/python3.12/site-packages/aiogram/dispatcher/middlewares/error.py", line 25, in __call__
    return await handler(event, data)
           ^^^^^^^^^^^^^^^^^^^^^^^^^^
  File "/home/userbegi/learnbot/venv/lib/python3.12/site-packages/aiogram/dispatcher/middlewares/user_context.py", line 49, in __call__
    return await handler(event, data)
           ^^^^^^^^^^^^^^^^^^^^^^^^^^
  File "/home/userbegi/learnbot/venv/lib/python3.12/site-packages/aiogram/fsm/middleware.py", line 42, in __call__
    return await handler(event, data)
           ^^^^^^^^^^^^^^^^^^^^^^^^^^
  File "/home/userbegi/learnbot/venv/lib/python3.12/site-packages/aiogram/dispatcher/event/telegram.py", line 121, in trigger
    return await wrapped_inner(event, kwargs)
           ^^^^^^^^^^^^^^^^^^^^^^^^^^^^^^^^^^
  File "/home/userbegi/learnbot/venv/lib/python3.12/site-packages/aiogram/dispatcher/event/handler.py", line 43, in call
    return await wrapped()
           ^^^^^^^^^^^^^^^
  File "/home/userbegi/learnbot/venv/lib/python3.12/site-packages/aiogram/dispatcher/dispatcher.py", line 276, in _listen_update
    return await self.propagate_event(update_type=update_type, event=event, **kwargs)
           ^^^^^^^^^^^^^^^^^^^^^^^^^^^^^^^^^^^^^^^^^^^^^^^^^^^^^^^^^^^^^^^^^^^^^^^^^^
  File "/home/userbegi/learnbot/venv/lib/python3.12/site-packages/aiogram/dispatcher/router.py", line 142, in propagate_event
    return await observer.wrap_outer_middleware(_wrapped, event=event, data=kwargs)
           ^^^^^^^^^^^^^^^^^^^^^^^^^^^^^^^^^^^^^^^^^^^^^^^^^^^^^^^^^^^^^^^^^^^^^^^^
  File "/home/userbegi/learnbot/venv/lib/python3.12/site-packages/aiogram/dispatcher/router.py", line 137, in _wrapped
    return await self._propagate_event(
           ^^^^^^^^^^^^^^^^^^^^^^^^^^^^
  File "/home/userbegi/learnbot/venv/lib/python3.12/site-packages/aiogram/dispatcher/router.py", line 170, in _propagate_event
    response = await router.propagate_event(update_type=update_type, event=event, **kwargs)
               ^^^^^^^^^^^^^^^^^^^^^^^^^^^^^^^^^^^^^^^^^^^^^^^^^^^^^^^^^^^^^^^^^^^^^^^^^^^^
  File "/home/userbegi/learnbot/venv/lib/python3.12/site-packages/aiogram/dispatcher/router.py", line 142, in propagate_event
    return await observer.wrap_outer_middleware(_wrapped, event=event, data=kwargs)
           ^^^^^^^^^^^^^^^^^^^^^^^^^^^^^^^^^^^^^^^^^^^^^^^^^^^^^^^^^^^^^^^^^^^^^^^^
  File "/home/userbegi/learnbot/venv/lib/python3.12/site-packages/aiogram/dispatcher/router.py", line 137, in _wrapped
    return await self._propagate_event(
           ^^^^^^^^^^^^^^^^^^^^^^^^^^^^
  File "/home/userbegi/learnbot/venv/lib/python3.12/site-packages/aiogram/dispatcher/router.py", line 162, in _propagate_event
    response = await observer.trigger(event, **kwargs)
               ^^^^^^^^^^^^^^^^^^^^^^^^^^^^^^^^^^^^^^^
  File "/home/userbegi/learnbot/venv/lib/python3.12/site-packages/aiogram/dispatcher/event/telegram.py", line 121, in trigger
    return await wrapped_inner(event, kwargs)
           ^^^^^^^^^^^^^^^^^^^^^^^^^^^^^^^^^^
  File "/home/userbegi/learnbot/middlewares/throttle.py", line 26, in __call__
    return await handler(event, data)
           ^^^^^^^^^^^^^^^^^^^^^^^^^^
  File "/home/userbegi/learnbot/middlewares/auth.py", line 37, in __call__
    return await handler(event, data)
           ^^^^^^^^^^^^^^^^^^^^^^^^^^
  File "/home/userbegi/learnbot/venv/lib/python3.12/site-packages/aiogram/dispatcher/event/handler.py", line 43, in call
    return await wrapped()
           ^^^^^^^^^^^^^^^
  File "/home/userbegi/learnbot/handlers/admin_broadcast.py", line 143, in ch_public_id_received
    await message.answer(
  File "/home/userbegi/learnbot/venv/lib/python3.12/site-packages/aiogram/methods/base.py", line 84, in emit
    return await bot(self)
           ^^^^^^^^^^^^^^^
  File "/home/userbegi/learnbot/venv/lib/python3.12/site-packages/aiogram/client/bot.py", line 480, in __call__
    return await self.session(self, method, timeout=request_timeout)
           ^^^^^^^^^^^^^^^^^^^^^^^^^^^^^^^^^^^^^^^^^^^^^^^^^^^^^^^^^
  File "/home/userbegi/learnbot/venv/lib/python3.12/site-packages/aiogram/client/session/base.py", line 254, in __call__
    return cast(TelegramType, await middleware(bot, method))
                              ^^^^^^^^^^^^^^^^^^^^^^^^^^^^^
  File "/home/userbegi/learnbot/venv/lib/python3.12/site-packages/aiogram/client/session/aiohttp.py", line 178, in make_request
    response = self.check_response(
               ^^^^^^^^^^^^^^^^^^^^
  File "/home/userbegi/learnbot/venv/lib/python3.12/site-packages/aiogram/client/session/base.py", line 120, in check_response
    raise TelegramBadRequest(method=method, message=description)
aiogram.exceptions.TelegramBadRequest: Telegram server says - Bad Request: can't parse entities: Unsupported start tag "reactiontypetype.emoji:" at byte offset 255
2026-03-20 14:11:43,274 | INFO | aiogram.event | Update id=940454251 is not handled. Duration 1455 ms by bot id=8596279476
2026-03-20 14:11:43,274 | ERROR | aiogram.event | Cause exception while process update id=940454251 by bot id=8596279476
TelegramBadRequest: Telegram server says - Bad Request: can't parse entities: Unsupported start tag "reactiontypetype.emoji:" at byte offset 255
Traceback (most recent call last):
  File "/home/userbegi/learnbot/venv/lib/python3.12/site-packages/aiogram/client/session/base.py", line 99, in check_response
    response = response_type.model_validate(json_data, context={"bot": bot})
               ^^^^^^^^^^^^^^^^^^^^^^^^^^^^^^^^^^^^^^^^^^^^^^^^^^^^^^^^^^^^^
  File "/home/userbegi/learnbot/venv/lib/python3.12/site-packages/pydantic/main.py", line 551, in model_validate
    return cls.__pydantic_validator__.validate_python(
           ^^^^^^^^^^^^^^^^^^^^^^^^^^^^^^^^^^^^^^^^^^^
pydantic_core._pydantic_core.ValidationError: 4 validation errors for Response[ChatFullInfo]
result.available_reactions.0.ReactionTypeEmoji.type
  Input should be <ReactionTypeType.EMOJI: 'emoji'> [type=literal_error, input_value='paid', input_type=str]
    For further information visit https://errors.pydantic.dev/2.7/v/literal_error
result.available_reactions.0.ReactionTypeEmoji.emoji
  Field required [type=missing, input_value={'type': 'paid'}, input_type=dict]
    For further information visit https://errors.pydantic.dev/2.7/v/missing
result.available_reactions.0.ReactionTypeCustomEmoji.type
  Input should be <ReactionTypeType.CUSTOM_EMOJI: 'custom_emoji'> [type=literal_error, input_value='paid', input_type=str]
    For further information visit https://errors.pydantic.dev/2.7/v/literal_error
result.available_reactions.0.ReactionTypeCustomEmoji.custom_emoji_id
  Field required [type=missing, input_value={'type': 'paid'}, input_type=dict]
    For further information visit https://errors.pydantic.dev/2.7/v/missing

During handling of the above exception, another exception occurred:

Traceback (most recent call last):
  File "/home/userbegi/learnbot/handlers/admin_broadcast.py", line 127, in ch_public_id_received
    chat = await bot.get_chat(cid)
           ^^^^^^^^^^^^^^^^^^^^^^^
  File "/home/userbegi/learnbot/venv/lib/python3.12/site-packages/aiogram/client/bot.py", line 1621, in get_chat
    return await self(call, request_timeout=request_timeout)
           ^^^^^^^^^^^^^^^^^^^^^^^^^^^^^^^^^^^^^^^^^^^^^^^^^
  File "/home/userbegi/learnbot/venv/lib/python3.12/site-packages/aiogram/client/bot.py", line 480, in __call__
    return await self.session(self, method, timeout=request_timeout)
           ^^^^^^^^^^^^^^^^^^^^^^^^^^^^^^^^^^^^^^^^^^^^^^^^^^^^^^^^^
  File "/home/userbegi/learnbot/venv/lib/python3.12/site-packages/aiogram/client/session/base.py", line 254, in __call__
    return cast(TelegramType, await middleware(bot, method))
                              ^^^^^^^^^^^^^^^^^^^^^^^^^^^^^
  File "/home/userbegi/learnbot/venv/lib/python3.12/site-packages/aiogram/client/session/aiohttp.py", line 178, in make_request
    response = self.check_response(
               ^^^^^^^^^^^^^^^^^^^^
  File "/home/userbegi/learnbot/venv/lib/python3.12/site-packages/aiogram/client/session/base.py", line 101, in check_response
    raise ClientDecodeError("Failed to deserialize object", e, json_data)
aiogram.exceptions.ClientDecodeError: Failed to deserialize object
Caused from error: pydantic_core._pydantic_core.ValidationError: 4 validation errors for Response[ChatFullInfo]
result.available_reactions.0.ReactionTypeEmoji.type
  Input should be <ReactionTypeType.EMOJI: 'emoji'> [type=literal_error, input_value='paid', input_type=str]
    For further information visit https://errors.pydantic.dev/2.7/v/literal_error
result.available_reactions.0.ReactionTypeEmoji.emoji
  Field required [type=missing, input_value={'type': 'paid'}, input_type=dict]
    For further information visit https://errors.pydantic.dev/2.7/v/missing
result.available_reactions.0.ReactionTypeCustomEmoji.type
  Input should be <ReactionTypeType.CUSTOM_EMOJI: 'custom_emoji'> [type=literal_error, input_value='paid', input_type=str]
    For further information visit https://errors.pydantic.dev/2.7/v/literal_error
result.available_reactions.0.ReactionTypeCustomEmoji.custom_emoji_id
  Field required [type=missing, input_value={'type': 'paid'}, input_type=dict]
    For further information visit https://errors.pydantic.dev/2.7/v/missing
Content: {'ok': True, 'result': {'id': -1002993858730, 'title': 'Use Your 🧠', 'username': 'aboutbegi', 'type': 'channel', 'active_usernames': ['aboutbegi'], 'description': "Behruzbek Rahimjonov Sanjarbek og'li \n22.02.20**\nDasturchi | Teacher\n\nC++,Python\n\n@bybegi\n\n🧠\nKetgazgan vaqtingizga rozi bo'lsangiz qoling🫀\n@Rahimjonov_Behruzbek", 'can_send_gift': True, 'has_visible_history': True, 'linked_chat_id': -1002855825458, 'can_send_paid_media': True, 'accepted_gift_types': {'unlimited_gifts': True, 'limited_gifts': True, 'unique_gifts': True, 'premium_subscription': True, 'gifts_from_channels': True}, 'photo': {'small_file_id': 'AQADAgADFhRrG_U_aEkACAIAA1ZH6HgW____3dvNN6zsiLQ6BA', 'small_file_unique_id': 'AQADFhRrG_U_aEkAAQ', 'big_file_id': 'AQADAgADFhRrG_U_aEkACAMAA1ZH6HgW____3dvNN6zsiLQ6BA', 'big_file_unique_id': 'AQADFhRrG_U_aEkB'}, 'pinned_message': {'message_id': 42, 'from': {'id': 8472924056, 'is_bot': False, 'first_name': 'Behruzbek', 'last_name': 'Rahimjonov', 'username': 'Rahimjonov_Behruzbek', 'language_code': 'en', 'is_premium': True}, 'author_signature': 'ベギ', 'chat': {'id': -1002993858730, 'title': 'Use Your 🧠', 'username': 'aboutbegi', 'type': 'channel'}, 'date': 1758646990, 'edit_date': 1758705875, 'video': {'duration': 9, 'width': 1280, 'height': 752, 'file_name': 'IMG_1704.MOV', 'mime_type': 'video/mp4', 'thumbnail': {'file_id': 'AAMCAgADIQUABLJyqKoAAyppvNb3-ecCl5N46JWfynVce03engACpUUAAjE9UEn-mbsCqZ9uzgEAB20AAzoE', 'file_unique_id': 'AQADpUUAAjE9UEly', 'file_size': 1589, 'width': 320, 'height': 188}, 'thumb': {'file_id': 'AAMCAgADIQUABLJyqKoAAyppvNb3-ecCl5N46JWfynVce03engACpUUAAjE9UEn-mbsCqZ9uzgEAB20AAzoE', 'file_unique_id': 'AQADpUUAAjE9UEly', 'file_size': 1589, 'width': 320, 'height': 188}, 'file_id': 'BAACAgIAAyEFAASycqiqAAMqabzW9_nnApeTeOiVn8p1XHtN3p4AAqVFAAIxPVBJ_pm7Aqmfbs46BA', 'file_unique_id': 'AgADpUUAAjE9UEk', 'file_size': 1222081}, 'caption': '#love\n\n🫀Hayotda chiroyli insonni emas,\nHayotingizni chiroyli qilgan insonni seving!\n🤩🤩🤩🤩\n\n😎@ABOUTBEGI🇺🇿', 'caption_entities': [{'offset': 0, 'length': 5, 'type': 'hashtag'}, {'offset': 9, 'length': 75, 'type': 'bold'}, {'offset': 85, 'length': 2, 'type': 'custom_emoji', 'custom_emoji_id': '5344024555675482501'}, {'offset': 87, 'length': 2, 'type': 'custom_emoji', 'custom_emoji_id': '5343854552279973746'}, {'offset': 89, 'length': 2, 'type': 'custom_emoji', 'custom_emoji_id': '5344055475145043623'}, {'offset': 91, 'length': 2, 'type': 'custom_emoji', 'custom_emoji_id': '5343769675136267705'}, {'offset': 95, 'length': 2, 'type': 'custom_emoji', 'custom_emoji_id': '5332301305002086070'}, {'offset': 97, 'length': 10, 'type': 'mention'}, {'offset': 107, 'length': 4, 'type': 'custom_emoji', 'custom_emoji_id': '5456633061963734854'}]}, 'emoji_status_custom_emoji_id': '5472164874886846699', 'available_reactions': [{'type': 'paid'}, {'type': 'custom_emoji', 'custom_emoji_id': '5384474046568092284'}, {'type': 'custom_emoji', 'custom_emoji_id': '5190458330719461749'}, {'type': 'custom_emoji', 'custom_emoji_id': '5316790180936431490'}, {'type': 'custom_emoji', 'custom_emoji_id': '5316924123786524990'}, {'type': 'custom_emoji', 'custom_emoji_id': '5316968838691043737'}, {'type': 'custom_emoji', 'custom_emoji_id': '5316630292188903702'}, {'type': 'custom_emoji', 'custom_emoji_id': '5316740183222140641'}, {'type': 'custom_emoji', 'custom_emoji_id': '5393333623501904108'}], 'max_reaction_count': 11, 'accent_color_id': 2, 'background_custom_emoji_id': '5361949382641990734', 'profile_background_custom_emoji_id': '5325915487496842326'}}

During handling of the above exception, another exception occurred:

Traceback (most recent call last):
  File "/home/userbegi/learnbot/venv/lib/python3.12/site-packages/aiogram/dispatcher/dispatcher.py", line 309, in _process_update
    response = await self.feed_update(bot, update, **kwargs)
               ^^^^^^^^^^^^^^^^^^^^^^^^^^^^^^^^^^^^^^^^^^^^^
  File "/home/userbegi/learnbot/venv/lib/python3.12/site-packages/aiogram/dispatcher/dispatcher.py", line 158, in feed_update
    response = await self.update.wrap_outer_middleware(
               ^^^^^^^^^^^^^^^^^^^^^^^^^^^^^^^^^^^^^^^^
  File "/home/userbegi/learnbot/venv/lib/python3.12/site-packages/aiogram/dispatcher/middlewares/error.py", line 25, in __call__
    return await handler(event, data)
           ^^^^^^^^^^^^^^^^^^^^^^^^^^
  File "/home/userbegi/learnbot/venv/lib/python3.12/site-packages/aiogram/dispatcher/middlewares/user_context.py", line 49, in __call__
    return await handler(event, data)
           ^^^^^^^^^^^^^^^^^^^^^^^^^^
  File "/home/userbegi/learnbot/venv/lib/python3.12/site-packages/aiogram/fsm/middleware.py", line 42, in __call__
    return await handler(event, data)
           ^^^^^^^^^^^^^^^^^^^^^^^^^^
  File "/home/userbegi/learnbot/venv/lib/python3.12/site-packages/aiogram/dispatcher/event/telegram.py", line 121, in trigger
    return await wrapped_inner(event, kwargs)
           ^^^^^^^^^^^^^^^^^^^^^^^^^^^^^^^^^^
  File "/home/userbegi/learnbot/venv/lib/python3.12/site-packages/aiogram/dispatcher/event/handler.py", line 43, in call
    return await wrapped()
           ^^^^^^^^^^^^^^^
  File "/home/userbegi/learnbot/venv/lib/python3.12/site-packages/aiogram/dispatcher/dispatcher.py", line 276, in _listen_update
    return await self.propagate_event(update_type=update_type, event=event, **kwargs)
           ^^^^^^^^^^^^^^^^^^^^^^^^^^^^^^^^^^^^^^^^^^^^^^^^^^^^^^^^^^^^^^^^^^^^^^^^^^
  File "/home/userbegi/learnbot/venv/lib/python3.12/site-packages/aiogram/dispatcher/router.py", line 142, in propagate_event
    return await observer.wrap_outer_middleware(_wrapped, event=event, data=kwargs)
           ^^^^^^^^^^^^^^^^^^^^^^^^^^^^^^^^^^^^^^^^^^^^^^^^^^^^^^^^^^^^^^^^^^^^^^^^
  File "/home/userbegi/learnbot/venv/lib/python3.12/site-packages/aiogram/dispatcher/router.py", line 137, in _wrapped
    return await self._propagate_event(
           ^^^^^^^^^^^^^^^^^^^^^^^^^^^^
  File "/home/userbegi/learnbot/venv/lib/python3.12/site-packages/aiogram/dispatcher/router.py", line 170, in _propagate_event
    response = await router.propagate_event(update_type=update_type, event=event, **kwargs)
               ^^^^^^^^^^^^^^^^^^^^^^^^^^^^^^^^^^^^^^^^^^^^^^^^^^^^^^^^^^^^^^^^^^^^^^^^^^^^
  File "/home/userbegi/learnbot/venv/lib/python3.12/site-packages/aiogram/dispatcher/router.py", line 142, in propagate_event
    return await observer.wrap_outer_middleware(_wrapped, event=event, data=kwargs)
           ^^^^^^^^^^^^^^^^^^^^^^^^^^^^^^^^^^^^^^^^^^^^^^^^^^^^^^^^^^^^^^^^^^^^^^^^
  File "/home/userbegi/learnbot/venv/lib/python3.12/site-packages/aiogram/dispatcher/router.py", line 137, in _wrapped
    return await self._propagate_event(
           ^^^^^^^^^^^^^^^^^^^^^^^^^^^^
  File "/home/userbegi/learnbot/venv/lib/python3.12/site-packages/aiogram/dispatcher/router.py", line 162, in _propagate_event
    response = await observer.trigger(event, **kwargs)
               ^^^^^^^^^^^^^^^^^^^^^^^^^^^^^^^^^^^^^^^
  File "/home/userbegi/learnbot/venv/lib/python3.12/site-packages/aiogram/dispatcher/event/telegram.py", line 121, in trigger
    return await wrapped_inner(event, kwargs)
           ^^^^^^^^^^^^^^^^^^^^^^^^^^^^^^^^^^
  File "/home/userbegi/learnbot/middlewares/throttle.py", line 26, in __call__
    return await handler(event, data)
           ^^^^^^^^^^^^^^^^^^^^^^^^^^
  File "/home/userbegi/learnbot/middlewares/auth.py", line 37, in __call__
    return await handler(event, data)
           ^^^^^^^^^^^^^^^^^^^^^^^^^^
  File "/home/userbegi/learnbot/venv/lib/python3.12/site-packages/aiogram/dispatcher/event/handler.py", line 43, in call
    return await wrapped()
           ^^^^^^^^^^^^^^^
  File "/home/userbegi/learnbot/handlers/admin_broadcast.py", line 143, in ch_public_id_received
    await message.answer(
  File "/home/userbegi/learnbot/venv/lib/python3.12/site-packages/aiogram/methods/base.py", line 84, in emit
    return await bot(self)
           ^^^^^^^^^^^^^^^
  File "/home/userbegi/learnbot/venv/lib/python3.12/site-packages/aiogram/client/bot.py", line 480, in __call__
    return await self.session(self, method, timeout=request_timeout)
           ^^^^^^^^^^^^^^^^^^^^^^^^^^^^^^^^^^^^^^^^^^^^^^^^^^^^^^^^^
  File "/home/userbegi/learnbot/venv/lib/python3.12/site-packages/aiogram/client/session/base.py", line 254, in __call__
    return cast(TelegramType, await middleware(bot, method))
                              ^^^^^^^^^^^^^^^^^^^^^^^^^^^^^
  File "/home/userbegi/learnbot/venv/lib/python3.12/site-packages/aiogram/client/session/aiohttp.py", line 178, in make_request
    response = self.check_response(
               ^^^^^^^^^^^^^^^^^^^^
  File "/home/userbegi/learnbot/venv/lib/python3.12/site-packages/aiogram/client/session/base.py", line 120, in check_response
    raise TelegramBadRequest(method=method, message=description)
aiogram.exceptions.TelegramBadRequest: Telegram server says - Bad Request: can't parse entities: Unsupported start tag "reactiontypetype.emoji:" at byte offset 255
2026-03-20 14:11:45,305 | INFO | aiogram.event | Update id=940454252 is handled. Duration 414 ms by bot id=8596279476
2026-03-20 14:11:47,391 | INFO | aiogram.event | Update id=940454253 is handled. Duration 441 ms by bot id=8596279476
2026-03-20 14:11:48,782 | INFO | aiogram.event | Update id=940454254 is handled. Duration 406 ms by bot id=8596279476
2026-03-20 14:11:51,213 | INFO | aiogram.event | Update id=940454255 is handled. Duration 308 ms by bot id=8596279476
2026-03-20 14:11:54,148 | INFO | aiogram.event | Update id=940454256 is not handled. Duration 312 ms by bot id=8596279476
2026-03-20 14:11:54,149 | ERROR | aiogram.event | Cause exception while process update id=940454256 by bot id=8596279476
TelegramBadRequest: Telegram server says - Bad Request: can't parse entities: Unsupported start tag "reactiontypetype.emoji:" at byte offset 255
Traceback (most recent call last):
  File "/home/userbegi/learnbot/venv/lib/python3.12/site-packages/aiogram/client/session/base.py", line 99, in check_response
    response = response_type.model_validate(json_data, context={"bot": bot})
               ^^^^^^^^^^^^^^^^^^^^^^^^^^^^^^^^^^^^^^^^^^^^^^^^^^^^^^^^^^^^^
  File "/home/userbegi/learnbot/venv/lib/python3.12/site-packages/pydantic/main.py", line 551, in model_validate
    return cls.__pydantic_validator__.validate_python(
           ^^^^^^^^^^^^^^^^^^^^^^^^^^^^^^^^^^^^^^^^^^^
pydantic_core._pydantic_core.ValidationError: 4 validation errors for Response[ChatFullInfo]
result.available_reactions.0.ReactionTypeEmoji.type
  Input should be <ReactionTypeType.EMOJI: 'emoji'> [type=literal_error, input_value='paid', input_type=str]
    For further information visit https://errors.pydantic.dev/2.7/v/literal_error
result.available_reactions.0.ReactionTypeEmoji.emoji
  Field required [type=missing, input_value={'type': 'paid'}, input_type=dict]
    For further information visit https://errors.pydantic.dev/2.7/v/missing
result.available_reactions.0.ReactionTypeCustomEmoji.type
  Input should be <ReactionTypeType.CUSTOM_EMOJI: 'custom_emoji'> [type=literal_error, input_value='paid', input_type=str]
    For further information visit https://errors.pydantic.dev/2.7/v/literal_error
result.available_reactions.0.ReactionTypeCustomEmoji.custom_emoji_id
  Field required [type=missing, input_value={'type': 'paid'}, input_type=dict]
    For further information visit https://errors.pydantic.dev/2.7/v/missing

During handling of the above exception, another exception occurred:

Traceback (most recent call last):
  File "/home/userbegi/learnbot/handlers/admin_broadcast.py", line 127, in ch_public_id_received
    chat = await bot.get_chat(cid)
           ^^^^^^^^^^^^^^^^^^^^^^^
  File "/home/userbegi/learnbot/venv/lib/python3.12/site-packages/aiogram/client/bot.py", line 1621, in get_chat
    return await self(call, request_timeout=request_timeout)
           ^^^^^^^^^^^^^^^^^^^^^^^^^^^^^^^^^^^^^^^^^^^^^^^^^
  File "/home/userbegi/learnbot/venv/lib/python3.12/site-packages/aiogram/client/bot.py", line 480, in __call__
    return await self.session(self, method, timeout=request_timeout)
           ^^^^^^^^^^^^^^^^^^^^^^^^^^^^^^^^^^^^^^^^^^^^^^^^^^^^^^^^^
  File "/home/userbegi/learnbot/venv/lib/python3.12/site-packages/aiogram/client/session/base.py", line 254, in __call__
    return cast(TelegramType, await middleware(bot, method))
                              ^^^^^^^^^^^^^^^^^^^^^^^^^^^^^
  File "/home/userbegi/learnbot/venv/lib/python3.12/site-packages/aiogram/client/session/aiohttp.py", line 178, in make_request
    response = self.check_response(
               ^^^^^^^^^^^^^^^^^^^^
  File "/home/userbegi/learnbot/venv/lib/python3.12/site-packages/aiogram/client/session/base.py", line 101, in check_response
    raise ClientDecodeError("Failed to deserialize object", e, json_data)
aiogram.exceptions.ClientDecodeError: Failed to deserialize object
Caused from error: pydantic_core._pydantic_core.ValidationError: 4 validation errors for Response[ChatFullInfo]
result.available_reactions.0.ReactionTypeEmoji.type
  Input should be <ReactionTypeType.EMOJI: 'emoji'> [type=literal_error, input_value='paid', input_type=str]
    For further information visit https://errors.pydantic.dev/2.7/v/literal_error
result.available_reactions.0.ReactionTypeEmoji.emoji
  Field required [type=missing, input_value={'type': 'paid'}, input_type=dict]
    For further information visit https://errors.pydantic.dev/2.7/v/missing
result.available_reactions.0.ReactionTypeCustomEmoji.type
  Input should be <ReactionTypeType.CUSTOM_EMOJI: 'custom_emoji'> [type=literal_error, input_value='paid', input_type=str]
    For further information visit https://errors.pydantic.dev/2.7/v/literal_error
result.available_reactions.0.ReactionTypeCustomEmoji.custom_emoji_id
  Field required [type=missing, input_value={'type': 'paid'}, input_type=dict]
    For further information visit https://errors.pydantic.dev/2.7/v/missing
Content: {'ok': True, 'result': {'id': -1002993858730, 'title': 'Use Your 🧠', 'username': 'aboutbegi', 'type': 'channel', 'active_usernames': ['aboutbegi'], 'description': "Behruzbek Rahimjonov Sanjarbek og'li \n22.02.20**\nDasturchi | Teacher\n\nC++,Python\n\n@bybegi\n\n🧠\nKetgazgan vaqtingizga rozi bo'lsangiz qoling🫀\n@Rahimjonov_Behruzbek", 'can_send_gift': True, 'has_visible_history': True, 'linked_chat_id': -1002855825458, 'can_send_paid_media': True, 'accepted_gift_types': {'unlimited_gifts': True, 'limited_gifts': True, 'unique_gifts': True, 'premium_subscription': True, 'gifts_from_channels': True}, 'photo': {'small_file_id': 'AQADAgADFhRrG_U_aEkACAIAA1ZH6HgW____3dvNN6zsiLQ6BA', 'small_file_unique_id': 'AQADFhRrG_U_aEkAAQ', 'big_file_id': 'AQADAgADFhRrG_U_aEkACAMAA1ZH6HgW____3dvNN6zsiLQ6BA', 'big_file_unique_id': 'AQADFhRrG_U_aEkB'}, 'pinned_message': {'message_id': 42, 'from': {'id': 8472924056, 'is_bot': False, 'first_name': 'Behruzbek', 'last_name': 'Rahimjonov', 'username': 'Rahimjonov_Behruzbek', 'language_code': 'en', 'is_premium': True}, 'author_signature': 'ベギ', 'chat': {'id': -1002993858730, 'title': 'Use Your 🧠', 'username': 'aboutbegi', 'type': 'channel'}, 'date': 1758646990, 'edit_date': 1758705875, 'video': {'duration': 9, 'width': 1280, 'height': 752, 'file_name': 'IMG_1704.MOV', 'mime_type': 'video/mp4', 'thumbnail': {'file_id': 'AAMCAgADIQUABLJyqKoAAyppvNb3-ecCl5N46JWfynVce03engACpUUAAjE9UEn-mbsCqZ9uzgEAB20AAzoE', 'file_unique_id': 'AQADpUUAAjE9UEly', 'file_size': 1589, 'width': 320, 'height': 188}, 'thumb': {'file_id': 'AAMCAgADIQUABLJyqKoAAyppvNb3-ecCl5N46JWfynVce03engACpUUAAjE9UEn-mbsCqZ9uzgEAB20AAzoE', 'file_unique_id': 'AQADpUUAAjE9UEly', 'file_size': 1589, 'width': 320, 'height': 188}, 'file_id': 'BAACAgIAAyEFAASycqiqAAMqabzW9_nnApeTeOiVn8p1XHtN3p4AAqVFAAIxPVBJ_pm7Aqmfbs46BA', 'file_unique_id': 'AgADpUUAAjE9UEk', 'file_size': 1222081}, 'caption': '#love\n\n🫀Hayotda chiroyli insonni emas,\nHayotingizni chiroyli qilgan insonni seving!\n🤩🤩🤩🤩\n\n😎@ABOUTBEGI🇺🇿', 'caption_entities': [{'offset': 0, 'length': 5, 'type': 'hashtag'}, {'offset': 9, 'length': 75, 'type': 'bold'}, {'offset': 85, 'length': 2, 'type': 'custom_emoji', 'custom_emoji_id': '5344024555675482501'}, {'offset': 87, 'length': 2, 'type': 'custom_emoji', 'custom_emoji_id': '5343854552279973746'}, {'offset': 89, 'length': 2, 'type': 'custom_emoji', 'custom_emoji_id': '5344055475145043623'}, {'offset': 91, 'length': 2, 'type': 'custom_emoji', 'custom_emoji_id': '5343769675136267705'}, {'offset': 95, 'length': 2, 'type': 'custom_emoji', 'custom_emoji_id': '5332301305002086070'}, {'offset': 97, 'length': 10, 'type': 'mention'}, {'offset': 107, 'length': 4, 'type': 'custom_emoji', 'custom_emoji_id': '5456633061963734854'}]}, 'emoji_status_custom_emoji_id': '5472164874886846699', 'available_reactions': [{'type': 'paid'}, {'type': 'custom_emoji', 'custom_emoji_id': '5384474046568092284'}, {'type': 'custom_emoji', 'custom_emoji_id': '5190458330719461749'}, {'type': 'custom_emoji', 'custom_emoji_id': '5316790180936431490'}, {'type': 'custom_emoji', 'custom_emoji_id': '5316924123786524990'}, {'type': 'custom_emoji', 'custom_emoji_id': '5316968838691043737'}, {'type': 'custom_emoji', 'custom_emoji_id': '5316630292188903702'}, {'type': 'custom_emoji', 'custom_emoji_id': '5316740183222140641'}, {'type': 'custom_emoji', 'custom_emoji_id': '5393333623501904108'}], 'max_reaction_count': 11, 'accent_color_id': 2, 'background_custom_emoji_id': '5361949382641990734', 'profile_background_custom_emoji_id': '5325915487496842326'}}

During handling of the above exception, another exception occurred:

Traceback (most recent call last):
  File "/home/userbegi/learnbot/venv/lib/python3.12/site-packages/aiogram/dispatcher/dispatcher.py", line 309, in _process_update
    response = await self.feed_update(bot, update, **kwargs)
               ^^^^^^^^^^^^^^^^^^^^^^^^^^^^^^^^^^^^^^^^^^^^^
  File "/home/userbegi/learnbot/venv/lib/python3.12/site-packages/aiogram/dispatcher/dispatcher.py", line 158, in feed_update
    response = await self.update.wrap_outer_middleware(
               ^^^^^^^^^^^^^^^^^^^^^^^^^^^^^^^^^^^^^^^^
  File "/home/userbegi/learnbot/venv/lib/python3.12/site-packages/aiogram/dispatcher/middlewares/error.py", line 25, in __call__
    return await handler(event, data)
           ^^^^^^^^^^^^^^^^^^^^^^^^^^
  File "/home/userbegi/learnbot/venv/lib/python3.12/site-packages/aiogram/dispatcher/middlewares/user_context.py", line 49, in __call__
    return await handler(event, data)
           ^^^^^^^^^^^^^^^^^^^^^^^^^^
  File "/home/userbegi/learnbot/venv/lib/python3.12/site-packages/aiogram/fsm/middleware.py", line 42, in __call__
    return await handler(event, data)
           ^^^^^^^^^^^^^^^^^^^^^^^^^^
  File "/home/userbegi/learnbot/venv/lib/python3.12/site-packages/aiogram/dispatcher/event/telegram.py", line 121, in trigger
    return await wrapped_inner(event, kwargs)
           ^^^^^^^^^^^^^^^^^^^^^^^^^^^^^^^^^^
  File "/home/userbegi/learnbot/venv/lib/python3.12/site-packages/aiogram/dispatcher/event/handler.py", line 43, in call
    return await wrapped()
           ^^^^^^^^^^^^^^^
  File "/home/userbegi/learnbot/venv/lib/python3.12/site-packages/aiogram/dispatcher/dispatcher.py", line 276, in _listen_update
    return await self.propagate_event(update_type=update_type, event=event, **kwargs)
           ^^^^^^^^^^^^^^^^^^^^^^^^^^^^^^^^^^^^^^^^^^^^^^^^^^^^^^^^^^^^^^^^^^^^^^^^^^
  File "/home/userbegi/learnbot/venv/lib/python3.12/site-packages/aiogram/dispatcher/router.py", line 142, in propagate_event
    return await observer.wrap_outer_middleware(_wrapped, event=event, data=kwargs)
           ^^^^^^^^^^^^^^^^^^^^^^^^^^^^^^^^^^^^^^^^^^^^^^^^^^^^^^^^^^^^^^^^^^^^^^^^
  File "/home/userbegi/learnbot/venv/lib/python3.12/site-packages/aiogram/dispatcher/router.py", line 137, in _wrapped
    return await self._propagate_event(
           ^^^^^^^^^^^^^^^^^^^^^^^^^^^^
  File "/home/userbegi/learnbot/venv/lib/python3.12/site-packages/aiogram/dispatcher/router.py", line 170, in _propagate_event
    response = await router.propagate_event(update_type=update_type, event=event, **kwargs)
               ^^^^^^^^^^^^^^^^^^^^^^^^^^^^^^^^^^^^^^^^^^^^^^^^^^^^^^^^^^^^^^^^^^^^^^^^^^^^
  File "/home/userbegi/learnbot/venv/lib/python3.12/site-packages/aiogram/dispatcher/router.py", line 142, in propagate_event
    return await observer.wrap_outer_middleware(_wrapped, event=event, data=kwargs)
           ^^^^^^^^^^^^^^^^^^^^^^^^^^^^^^^^^^^^^^^^^^^^^^^^^^^^^^^^^^^^^^^^^^^^^^^^
  File "/home/userbegi/learnbot/venv/lib/python3.12/site-packages/aiogram/dispatcher/router.py", line 137, in _wrapped
    return await self._propagate_event(
           ^^^^^^^^^^^^^^^^^^^^^^^^^^^^
  File "/home/userbegi/learnbot/venv/lib/python3.12/site-packages/aiogram/dispatcher/router.py", line 162, in _propagate_event
    response = await observer.trigger(event, **kwargs)
               ^^^^^^^^^^^^^^^^^^^^^^^^^^^^^^^^^^^^^^^
  File "/home/userbegi/learnbot/venv/lib/python3.12/site-packages/aiogram/dispatcher/event/telegram.py", line 121, in trigger
    return await wrapped_inner(event, kwargs)
           ^^^^^^^^^^^^^^^^^^^^^^^^^^^^^^^^^^
  File "/home/userbegi/learnbot/middlewares/throttle.py", line 26, in __call__
    return await handler(event, data)
           ^^^^^^^^^^^^^^^^^^^^^^^^^^
  File "/home/userbegi/learnbot/middlewares/auth.py", line 37, in __call__
    return await handler(event, data)
           ^^^^^^^^^^^^^^^^^^^^^^^^^^
  File "/home/userbegi/learnbot/venv/lib/python3.12/site-packages/aiogram/dispatcher/event/handler.py", line 43, in call
    return await wrapped()
           ^^^^^^^^^^^^^^^
  File "/home/userbegi/learnbot/handlers/admin_broadcast.py", line 143, in ch_public_id_received
    await message.answer(
  File "/home/userbegi/learnbot/venv/lib/python3.12/site-packages/aiogram/methods/base.py", line 84, in emit
    return await bot(self)
           ^^^^^^^^^^^^^^^
  File "/home/userbegi/learnbot/venv/lib/python3.12/site-packages/aiogram/client/bot.py", line 480, in __call__
    return await self.session(self, method, timeout=request_timeout)
           ^^^^^^^^^^^^^^^^^^^^^^^^^^^^^^^^^^^^^^^^^^^^^^^^^^^^^^^^^
  File "/home/userbegi/learnbot/venv/lib/python3.12/site-packages/aiogram/client/session/base.py", line 254, in __call__
    return cast(TelegramType, await middleware(bot, method))
                              ^^^^^^^^^^^^^^^^^^^^^^^^^^^^^
  File "/home/userbegi/learnbot/venv/lib/python3.12/site-packages/aiogram/client/session/aiohttp.py", line 178, in make_request
    response = self.check_response(
               ^^^^^^^^^^^^^^^^^^^^
  File "/home/userbegi/learnbot/venv/lib/python3.12/site-packages/aiogram/client/session/base.py", line 120, in check_response
    raise TelegramBadRequest(method=method, message=description)
aiogram.exceptions.TelegramBadRequest: Telegram server says - Bad Request: can't parse entities: Unsupported start tag "reactiontypetype.emoji:" at byte offset 255
2026-03-20 14:11:59,434 | INFO | aiogram.event | Update id=940454257 is handled. Duration 612 ms by bot id=8596279476
2026-03-20 14:12:03,717 | INFO | aiogram.event | Update id=940454258 is handled. Duration 184 ms by bot id=8596279476
2026-03-20 14:12:05,436 | INFO | aiogram.event | Update id=940454259 is handled. Duration 306 ms by bot id=8596279476
2026-03-20 14:12:06,810 | INFO | aiogram.event | Update id=940454260 is handled. Duration 409 ms by bot id=8596279476
2026-03-20 14:12:08,360 | INFO | aiogram.event | Update id=940454261 is handled. Duration 730 ms by bot id=8596279476
2026-03-20 14:12:23,013 | INFO | aiogram.event | Update id=940454262 is handled. Duration 839 ms by bot id=8596279476
2026-03-20 14:12:48,436 | INFO | aiogram.event | Update id=940454263 is handled. Duration 862 ms by bot id=8596279476
2026-03-20 14:12:53,310 | INFO | aiogram.event | Update id=940454264 is handled. Duration 409 ms by bot id=8596279476
2026-03-20 14:12:57,702 | INFO | aiogram.event | Update id=940454265 is handled. Duration 703 ms by bot id=8596279476
2026-03-20 14:12:59,058 | INFO | aiogram.event | Update id=940454266 is handled. Duration 520 ms by bot id=8596279476
2026-03-20 14:13:01,730 | INFO | aiogram.event | Update id=940454267 is handled. Duration 808 ms by bot id=8596279476
2026-03-20 14:13:03,992 | INFO | aiogram.event | Update id=940454268 is handled. Duration 488 ms by bot id=8596279476
2026-03-20 14:13:36,547 | INFO | aiogram.event | Update id=940454269 is handled. Duration 833 ms by bot id=8596279476
2026-03-20 14:13:39,043 | INFO | aiogram.event | Update id=940454270 is handled. Duration 439 ms by bot id=8596279476
2026-03-20 14:13:40,651 | INFO | aiogram.event | Update id=940454271 is handled. Duration 611 ms by bot id=8596279476
2026-03-20 14:13:41,682 | INFO | aiogram.event | Update id=940454272 is handled. Duration 416 ms by bot id=8596279476
2026-03-20 14:13:43,110 | INFO | aiogram.event | Update id=940454273 is handled. Duration 409 ms by bot id=8596279476
2026-03-20 14:13:44,476 | INFO | aiogram.event | Update id=940454274 is handled. Duration 465 ms by bot id=8596279476
2026-03-20 14:13:46,385 | INFO | aiogram.event | Update id=940454275 is handled. Duration 742 ms by bot id=8596279476
2026-03-20 14:13:47,842 | INFO | aiogram.event | Update id=940454276 is handled. Duration 432 ms by bot id=8596279476
2026-03-20 14:13:50,207 | INFO | aiogram.event | Update id=940454277 is not handled. Duration 370 ms by bot id=8596279476
2026-03-20 14:13:50,207 | ERROR | aiogram.event | Cause exception while process update id=940454277 by bot id=8596279476
TelegramBadRequest: Telegram server says - Bad Request: can't parse entities: Unsupported start tag "reactiontypetype.emoji:" at byte offset 255
Traceback (most recent call last):
  File "/home/userbegi/learnbot/venv/lib/python3.12/site-packages/aiogram/client/session/base.py", line 99, in check_response
    response = response_type.model_validate(json_data, context={"bot": bot})
               ^^^^^^^^^^^^^^^^^^^^^^^^^^^^^^^^^^^^^^^^^^^^^^^^^^^^^^^^^^^^^
  File "/home/userbegi/learnbot/venv/lib/python3.12/site-packages/pydantic/main.py", line 551, in model_validate
    return cls.__pydantic_validator__.validate_python(
           ^^^^^^^^^^^^^^^^^^^^^^^^^^^^^^^^^^^^^^^^^^^
pydantic_core._pydantic_core.ValidationError: 4 validation errors for Response[ChatFullInfo]
result.available_reactions.0.ReactionTypeEmoji.type
  Input should be <ReactionTypeType.EMOJI: 'emoji'> [type=literal_error, input_value='paid', input_type=str]
    For further information visit https://errors.pydantic.dev/2.7/v/literal_error
result.available_reactions.0.ReactionTypeEmoji.emoji
  Field required [type=missing, input_value={'type': 'paid'}, input_type=dict]
    For further information visit https://errors.pydantic.dev/2.7/v/missing
result.available_reactions.0.ReactionTypeCustomEmoji.type
  Input should be <ReactionTypeType.CUSTOM_EMOJI: 'custom_emoji'> [type=literal_error, input_value='paid', input_type=str]
    For further information visit https://errors.pydantic.dev/2.7/v/literal_error
result.available_reactions.0.ReactionTypeCustomEmoji.custom_emoji_id
  Field required [type=missing, input_value={'type': 'paid'}, input_type=dict]
    For further information visit https://errors.pydantic.dev/2.7/v/missing

During handling of the above exception, another exception occurred:

Traceback (most recent call last):
  File "/home/userbegi/learnbot/handlers/admin_broadcast.py", line 127, in ch_public_id_received
    chat = await bot.get_chat(cid)
           ^^^^^^^^^^^^^^^^^^^^^^^
  File "/home/userbegi/learnbot/venv/lib/python3.12/site-packages/aiogram/client/bot.py", line 1621, in get_chat
    return await self(call, request_timeout=request_timeout)
           ^^^^^^^^^^^^^^^^^^^^^^^^^^^^^^^^^^^^^^^^^^^^^^^^^
  File "/home/userbegi/learnbot/venv/lib/python3.12/site-packages/aiogram/client/bot.py", line 480, in __call__
    return await self.session(self, method, timeout=request_timeout)
           ^^^^^^^^^^^^^^^^^^^^^^^^^^^^^^^^^^^^^^^^^^^^^^^^^^^^^^^^^
  File "/home/userbegi/learnbot/venv/lib/python3.12/site-packages/aiogram/client/session/base.py", line 254, in __call__
    return cast(TelegramType, await middleware(bot, method))
                              ^^^^^^^^^^^^^^^^^^^^^^^^^^^^^
  File "/home/userbegi/learnbot/venv/lib/python3.12/site-packages/aiogram/client/session/aiohttp.py", line 178, in make_request
    response = self.check_response(
               ^^^^^^^^^^^^^^^^^^^^
  File "/home/userbegi/learnbot/venv/lib/python3.12/site-packages/aiogram/client/session/base.py", line 101, in check_response
    raise ClientDecodeError("Failed to deserialize object", e, json_data)
aiogram.exceptions.ClientDecodeError: Failed to deserialize object
Caused from error: pydantic_core._pydantic_core.ValidationError: 4 validation errors for Response[ChatFullInfo]
result.available_reactions.0.ReactionTypeEmoji.type
  Input should be <ReactionTypeType.EMOJI: 'emoji'> [type=literal_error, input_value='paid', input_type=str]
    For further information visit https://errors.pydantic.dev/2.7/v/literal_error
result.available_reactions.0.ReactionTypeEmoji.emoji
  Field required [type=missing, input_value={'type': 'paid'}, input_type=dict]
    For further information visit https://errors.pydantic.dev/2.7/v/missing
result.available_reactions.0.ReactionTypeCustomEmoji.type
  Input should be <ReactionTypeType.CUSTOM_EMOJI: 'custom_emoji'> [type=literal_error, input_value='paid', input_type=str]
    For further information visit https://errors.pydantic.dev/2.7/v/literal_error
result.available_reactions.0.ReactionTypeCustomEmoji.custom_emoji_id
  Field required [type=missing, input_value={'type': 'paid'}, input_type=dict]
    For further information visit https://errors.pydantic.dev/2.7/v/missing
Content: {'ok': True, 'result': {'id': -1002993858730, 'title': 'Use Your 🧠', 'username': 'aboutbegi', 'type': 'channel', 'active_usernames': ['aboutbegi'], 'description': "Behruzbek Rahimjonov Sanjarbek og'li \n22.02.20**\nDasturchi | Teacher\n\nC++,Python\n\n@bybegi\n\n🧠\nKetgazgan vaqtingizga rozi bo'lsangiz qoling🫀\n@Rahimjonov_Behruzbek", 'can_send_gift': True, 'has_visible_history': True, 'linked_chat_id': -1002855825458, 'can_send_paid_media': True, 'accepted_gift_types': {'unlimited_gifts': True, 'limited_gifts': True, 'unique_gifts': True, 'premium_subscription': True, 'gifts_from_channels': True}, 'photo': {'small_file_id': 'AQADAgADFhRrG_U_aEkACAIAA1ZH6HgW____3dvNN6zsiLQ6BA', 'small_file_unique_id': 'AQADFhRrG_U_aEkAAQ', 'big_file_id': 'AQADAgADFhRrG_U_aEkACAMAA1ZH6HgW____3dvNN6zsiLQ6BA', 'big_file_unique_id': 'AQADFhRrG_U_aEkB'}, 'pinned_message': {'message_id': 42, 'from': {'id': 8472924056, 'is_bot': False, 'first_name': 'Behruzbek', 'last_name': 'Rahimjonov', 'username': 'Rahimjonov_Behruzbek', 'language_code': 'en', 'is_premium': True}, 'author_signature': 'ベギ', 'chat': {'id': -1002993858730, 'title': 'Use Your 🧠', 'username': 'aboutbegi', 'type': 'channel'}, 'date': 1758646990, 'edit_date': 1758705875, 'video': {'duration': 9, 'width': 1280, 'height': 752, 'file_name': 'IMG_1704.MOV', 'mime_type': 'video/mp4', 'thumbnail': {'file_id': 'AAMCAgADIQUABLJyqKoAAyppvNb3-ecCl5N46JWfynVce03engACpUUAAjE9UEn-mbsCqZ9uzgEAB20AAzoE', 'file_unique_id': 'AQADpUUAAjE9UEly', 'file_size': 1589, 'width': 320, 'height': 188}, 'thumb': {'file_id': 'AAMCAgADIQUABLJyqKoAAyppvNb3-ecCl5N46JWfynVce03engACpUUAAjE9UEn-mbsCqZ9uzgEAB20AAzoE', 'file_unique_id': 'AQADpUUAAjE9UEly', 'file_size': 1589, 'width': 320, 'height': 188}, 'file_id': 'BAACAgIAAyEFAASycqiqAAMqabzW9_nnApeTeOiVn8p1XHtN3p4AAqVFAAIxPVBJ_pm7Aqmfbs46BA', 'file_unique_id': 'AgADpUUAAjE9UEk', 'file_size': 1222081}, 'caption': '#love\n\n🫀Hayotda chiroyli insonni emas,\nHayotingizni chiroyli qilgan insonni seving!\n🤩🤩🤩🤩\n\n😎@ABOUTBEGI🇺🇿', 'caption_entities': [{'offset': 0, 'length': 5, 'type': 'hashtag'}, {'offset': 9, 'length': 75, 'type': 'bold'}, {'offset': 85, 'length': 2, 'type': 'custom_emoji', 'custom_emoji_id': '5344024555675482501'}, {'offset': 87, 'length': 2, 'type': 'custom_emoji', 'custom_emoji_id': '5343854552279973746'}, {'offset': 89, 'length': 2, 'type': 'custom_emoji', 'custom_emoji_id': '5344055475145043623'}, {'offset': 91, 'length': 2, 'type': 'custom_emoji', 'custom_emoji_id': '5343769675136267705'}, {'offset': 95, 'length': 2, 'type': 'custom_emoji', 'custom_emoji_id': '5332301305002086070'}, {'offset': 97, 'length': 10, 'type': 'mention'}, {'offset': 107, 'length': 4, 'type': 'custom_emoji', 'custom_emoji_id': '5456633061963734854'}]}, 'emoji_status_custom_emoji_id': '5472164874886846699', 'available_reactions': [{'type': 'paid'}, {'type': 'custom_emoji', 'custom_emoji_id': '5384474046568092284'}, {'type': 'custom_emoji', 'custom_emoji_id': '5190458330719461749'}, {'type': 'custom_emoji', 'custom_emoji_id': '5316790180936431490'}, {'type': 'custom_emoji', 'custom_emoji_id': '5316924123786524990'}, {'type': 'custom_emoji', 'custom_emoji_id': '5316968838691043737'}, {'type': 'custom_emoji', 'custom_emoji_id': '5316630292188903702'}, {'type': 'custom_emoji', 'custom_emoji_id': '5316740183222140641'}, {'type': 'custom_emoji', 'custom_emoji_id': '5393333623501904108'}], 'max_reaction_count': 11, 'accent_color_id': 2, 'background_custom_emoji_id': '5361949382641990734', 'profile_background_custom_emoji_id': '5325915487496842326'}}

During handling of the above exception, another exception occurred:

Traceback (most recent call last):
  File "/home/userbegi/learnbot/venv/lib/python3.12/site-packages/aiogram/dispatcher/dispatcher.py", line 309, in _process_update
    response = await self.feed_update(bot, update, **kwargs)
               ^^^^^^^^^^^^^^^^^^^^^^^^^^^^^^^^^^^^^^^^^^^^^
  File "/home/userbegi/learnbot/venv/lib/python3.12/site-packages/aiogram/dispatcher/dispatcher.py", line 158, in feed_update
    response = await self.update.wrap_outer_middleware(
               ^^^^^^^^^^^^^^^^^^^^^^^^^^^^^^^^^^^^^^^^
  File "/home/userbegi/learnbot/venv/lib/python3.12/site-packages/aiogram/dispatcher/middlewares/error.py", line 25, in __call__
    return await handler(event, data)
           ^^^^^^^^^^^^^^^^^^^^^^^^^^
  File "/home/userbegi/learnbot/venv/lib/python3.12/site-packages/aiogram/dispatcher/middlewares/user_context.py", line 49, in __call__
    return await handler(event, data)
           ^^^^^^^^^^^^^^^^^^^^^^^^^^
  File "/home/userbegi/learnbot/venv/lib/python3.12/site-packages/aiogram/fsm/middleware.py", line 42, in __call__
    return await handler(event, data)
           ^^^^^^^^^^^^^^^^^^^^^^^^^^
  File "/home/userbegi/learnbot/venv/lib/python3.12/site-packages/aiogram/dispatcher/event/telegram.py", line 121, in trigger
    return await wrapped_inner(event, kwargs)
           ^^^^^^^^^^^^^^^^^^^^^^^^^^^^^^^^^^
  File "/home/userbegi/learnbot/venv/lib/python3.12/site-packages/aiogram/dispatcher/event/handler.py", line 43, in call
    return await wrapped()
           ^^^^^^^^^^^^^^^
  File "/home/userbegi/learnbot/venv/lib/python3.12/site-packages/aiogram/dispatcher/dispatcher.py", line 276, in _listen_update
    return await self.propagate_event(update_type=update_type, event=event, **kwargs)
           ^^^^^^^^^^^^^^^^^^^^^^^^^^^^^^^^^^^^^^^^^^^^^^^^^^^^^^^^^^^^^^^^^^^^^^^^^^
  File "/home/userbegi/learnbot/venv/lib/python3.12/site-packages/aiogram/dispatcher/router.py", line 142, in propagate_event
    return await observer.wrap_outer_middleware(_wrapped, event=event, data=kwargs)
           ^^^^^^^^^^^^^^^^^^^^^^^^^^^^^^^^^^^^^^^^^^^^^^^^^^^^^^^^^^^^^^^^^^^^^^^^
  File "/home/userbegi/learnbot/venv/lib/python3.12/site-packages/aiogram/dispatcher/router.py", line 137, in _wrapped
    return await self._propagate_event(
           ^^^^^^^^^^^^^^^^^^^^^^^^^^^^
  File "/home/userbegi/learnbot/venv/lib/python3.12/site-packages/aiogram/dispatcher/router.py", line 170, in _propagate_event
    response = await router.propagate_event(update_type=update_type, event=event, **kwargs)
               ^^^^^^^^^^^^^^^^^^^^^^^^^^^^^^^^^^^^^^^^^^^^^^^^^^^^^^^^^^^^^^^^^^^^^^^^^^^^
  File "/home/userbegi/learnbot/venv/lib/python3.12/site-packages/aiogram/dispatcher/router.py", line 142, in propagate_event
    return await observer.wrap_outer_middleware(_wrapped, event=event, data=kwargs)
           ^^^^^^^^^^^^^^^^^^^^^^^^^^^^^^^^^^^^^^^^^^^^^^^^^^^^^^^^^^^^^^^^^^^^^^^^
  File "/home/userbegi/learnbot/venv/lib/python3.12/site-packages/aiogram/dispatcher/router.py", line 137, in _wrapped
    return await self._propagate_event(
           ^^^^^^^^^^^^^^^^^^^^^^^^^^^^
  File "/home/userbegi/learnbot/venv/lib/python3.12/site-packages/aiogram/dispatcher/router.py", line 162, in _propagate_event
    response = await observer.trigger(event, **kwargs)
               ^^^^^^^^^^^^^^^^^^^^^^^^^^^^^^^^^^^^^^^
  File "/home/userbegi/learnbot/venv/lib/python3.12/site-packages/aiogram/dispatcher/event/telegram.py", line 121, in trigger
    return await wrapped_inner(event, kwargs)
           ^^^^^^^^^^^^^^^^^^^^^^^^^^^^^^^^^^
  File "/home/userbegi/learnbot/middlewares/throttle.py", line 26, in __call__
    return await handler(event, data)
           ^^^^^^^^^^^^^^^^^^^^^^^^^^
  File "/home/userbegi/learnbot/middlewares/auth.py", line 37, in __call__
    return await handler(event, data)
           ^^^^^^^^^^^^^^^^^^^^^^^^^^
  File "/home/userbegi/learnbot/venv/lib/python3.12/site-packages/aiogram/dispatcher/event/handler.py", line 43, in call
    return await wrapped()
           ^^^^^^^^^^^^^^^
  File "/home/userbegi/learnbot/handlers/admin_broadcast.py", line 143, in ch_public_id_received
    await message.answer(
  File "/home/userbegi/learnbot/venv/lib/python3.12/site-packages/aiogram/methods/base.py", line 84, in emit
    return await bot(self)
           ^^^^^^^^^^^^^^^
  File "/home/userbegi/learnbot/venv/lib/python3.12/site-packages/aiogram/client/bot.py", line 480, in __call__
    return await self.session(self, method, timeout=request_timeout)
           ^^^^^^^^^^^^^^^^^^^^^^^^^^^^^^^^^^^^^^^^^^^^^^^^^^^^^^^^^
  File "/home/userbegi/learnbot/venv/lib/python3.12/site-packages/aiogram/client/session/base.py", line 254, in __call__
    return cast(TelegramType, await middleware(bot, method))
                              ^^^^^^^^^^^^^^^^^^^^^^^^^^^^^
  File "/home/userbegi/learnbot/venv/lib/python3.12/site-packages/aiogram/client/session/aiohttp.py", line 178, in make_request
    response = self.check_response(
               ^^^^^^^^^^^^^^^^^^^^
  File "/home/userbegi/learnbot/venv/lib/python3.12/site-packages/aiogram/client/session/base.py", line 120, in check_response
    raise TelegramBadRequest(method=method, message=description)
aiogram.exceptions.TelegramBadRequest: Telegram server says - Bad Request: can't parse entities: Unsupported start tag "reactiontypetype.emoji:" at byte offset 255
2026-03-20 14:21:16,427 | INFO | __main__ | Starting LearnBot...
2026-03-20 14:21:16,429 | INFO | database.db | Database initialized successfully.
2026-03-20 14:21:17,374 | INFO | __main__ | Bot started. Polling...
2026-03-20 14:21:17,375 | INFO | aiogram.dispatcher | Start polling
2026-03-20 14:21:17,669 | INFO | aiogram.dispatcher | Run polling for bot @learnasawaken_bot id=8596279476 - 'Learn Bot'
2026-03-20 14:21:39,146 | INFO | aiogram.event | Update id=940454278 is handled. Duration 527 ms by bot id=8596279476
2026-03-20 14:21:41,564 | INFO | aiogram.event | Update id=940454279 is handled. Duration 442 ms by bot id=8596279476
2026-03-20 14:21:42,231 | INFO | aiogram.event | Update id=940454280 is handled. Duration 160 ms by bot id=8596279476
2026-03-20 14:21:46,655 | INFO | aiogram.event | Update id=940454281 is handled. Duration 580 ms by bot id=8596279476
2026-03-20 14:21:49,921 | INFO | aiogram.event | Update id=940454282 is handled. Duration 312 ms by bot id=8596279476
2026-03-20 14:21:53,269 | INFO | aiogram.event | Update id=940454283 is handled. Duration 705 ms by bot id=8596279476
2026-03-20 14:21:54,920 | INFO | aiogram.event | Update id=940454284 is handled. Duration 298 ms by bot id=8596279476
2026-03-20 14:21:57,718 | INFO | aiogram.event | Update id=940454285 is handled. Duration 435 ms by bot id=8596279476
2026-03-20 14:22:03,814 | INFO | aiogram.event | Update id=940454286 is handled. Duration 182 ms by bot id=8596279476
2026-03-20 14:22:06,498 | INFO | aiogram.event | Update id=940454287 is handled. Duration 180 ms by bot id=8596279476
2026-03-20 14:22:09,574 | INFO | aiogram.event | Update id=940454288 is handled. Duration 614 ms by bot id=8596279476
2026-03-20 14:22:11,359 | INFO | aiogram.event | Update id=940454289 is handled. Duration 317 ms by bot id=8596279476
2026-03-20 14:22:12,481 | INFO | aiogram.event | Update id=940454290 is handled. Duration 318 ms by bot id=8596279476
2026-03-20 14:22:15,761 | INFO | aiogram.event | Update id=940454291 is not handled. Duration 592 ms by bot id=8596279476
2026-03-20 14:22:15,761 | ERROR | aiogram.event | Cause exception while process update id=940454291 by bot id=8596279476
TelegramBadRequest: Telegram server says - Bad Request: can't parse entities: Unsupported start tag "reactiontypetype.emoji:" at byte offset 255
Traceback (most recent call last):
  File "/home/userbegi/learnbot/venv/lib/python3.12/site-packages/aiogram/client/session/base.py", line 99, in check_response
    response = response_type.model_validate(json_data, context={"bot": bot})
               ^^^^^^^^^^^^^^^^^^^^^^^^^^^^^^^^^^^^^^^^^^^^^^^^^^^^^^^^^^^^^
  File "/home/userbegi/learnbot/venv/lib/python3.12/site-packages/pydantic/main.py", line 551, in model_validate
    return cls.__pydantic_validator__.validate_python(
           ^^^^^^^^^^^^^^^^^^^^^^^^^^^^^^^^^^^^^^^^^^^
pydantic_core._pydantic_core.ValidationError: 4 validation errors for Response[ChatFullInfo]
result.available_reactions.0.ReactionTypeEmoji.type
  Input should be <ReactionTypeType.EMOJI: 'emoji'> [type=literal_error, input_value='paid', input_type=str]
    For further information visit https://errors.pydantic.dev/2.7/v/literal_error
result.available_reactions.0.ReactionTypeEmoji.emoji
  Field required [type=missing, input_value={'type': 'paid'}, input_type=dict]
    For further information visit https://errors.pydantic.dev/2.7/v/missing
result.available_reactions.0.ReactionTypeCustomEmoji.type
  Input should be <ReactionTypeType.CUSTOM_EMOJI: 'custom_emoji'> [type=literal_error, input_value='paid', input_type=str]
    For further information visit https://errors.pydantic.dev/2.7/v/literal_error
result.available_reactions.0.ReactionTypeCustomEmoji.custom_emoji_id
  Field required [type=missing, input_value={'type': 'paid'}, input_type=dict]
    For further information visit https://errors.pydantic.dev/2.7/v/missing

During handling of the above exception, another exception occurred:

Traceback (most recent call last):
  File "/home/userbegi/learnbot/handlers/admin_broadcast.py", line 127, in ch_public_id_received
    chat = await bot.get_chat(cid)
           ^^^^^^^^^^^^^^^^^^^^^^^
  File "/home/userbegi/learnbot/venv/lib/python3.12/site-packages/aiogram/client/bot.py", line 1621, in get_chat
    return await self(call, request_timeout=request_timeout)
           ^^^^^^^^^^^^^^^^^^^^^^^^^^^^^^^^^^^^^^^^^^^^^^^^^
  File "/home/userbegi/learnbot/venv/lib/python3.12/site-packages/aiogram/client/bot.py", line 480, in __call__
    return await self.session(self, method, timeout=request_timeout)
           ^^^^^^^^^^^^^^^^^^^^^^^^^^^^^^^^^^^^^^^^^^^^^^^^^^^^^^^^^
  File "/home/userbegi/learnbot/venv/lib/python3.12/site-packages/aiogram/client/session/base.py", line 254, in __call__
    return cast(TelegramType, await middleware(bot, method))
                              ^^^^^^^^^^^^^^^^^^^^^^^^^^^^^
  File "/home/userbegi/learnbot/venv/lib/python3.12/site-packages/aiogram/client/session/aiohttp.py", line 178, in make_request
    response = self.check_response(
               ^^^^^^^^^^^^^^^^^^^^
  File "/home/userbegi/learnbot/venv/lib/python3.12/site-packages/aiogram/client/session/base.py", line 101, in check_response
    raise ClientDecodeError("Failed to deserialize object", e, json_data)
aiogram.exceptions.ClientDecodeError: Failed to deserialize object
Caused from error: pydantic_core._pydantic_core.ValidationError: 4 validation errors for Response[ChatFullInfo]
result.available_reactions.0.ReactionTypeEmoji.type
  Input should be <ReactionTypeType.EMOJI: 'emoji'> [type=literal_error, input_value='paid', input_type=str]
    For further information visit https://errors.pydantic.dev/2.7/v/literal_error
result.available_reactions.0.ReactionTypeEmoji.emoji
  Field required [type=missing, input_value={'type': 'paid'}, input_type=dict]
    For further information visit https://errors.pydantic.dev/2.7/v/missing
result.available_reactions.0.ReactionTypeCustomEmoji.type
  Input should be <ReactionTypeType.CUSTOM_EMOJI: 'custom_emoji'> [type=literal_error, input_value='paid', input_type=str]
    For further information visit https://errors.pydantic.dev/2.7/v/literal_error
result.available_reactions.0.ReactionTypeCustomEmoji.custom_emoji_id
  Field required [type=missing, input_value={'type': 'paid'}, input_type=dict]
    For further information visit https://errors.pydantic.dev/2.7/v/missing
Content: {'ok': True, 'result': {'id': -1002993858730, 'title': 'Use Your 🧠', 'username': 'aboutbegi', 'type': 'channel', 'active_usernames': ['aboutbegi'], 'description': "Behruzbek Rahimjonov Sanjarbek og'li \n22.02.20**\nDasturchi | Teacher\n\nC++,Python\n\n@bybegi\n\n🧠\nKetgazgan vaqtingizga rozi bo'lsangiz qoling🫀\n@Rahimjonov_Behruzbek", 'can_send_gift': True, 'has_visible_history': True, 'linked_chat_id': -1002855825458, 'can_send_paid_media': True, 'accepted_gift_types': {'unlimited_gifts': True, 'limited_gifts': True, 'unique_gifts': True, 'premium_subscription': True, 'gifts_from_channels': True}, 'photo': {'small_file_id': 'AQADAgADFhRrG_U_aEkACAIAA1ZH6HgW____3dvNN6zsiLQ6BA', 'small_file_unique_id': 'AQADFhRrG_U_aEkAAQ', 'big_file_id': 'AQADAgADFhRrG_U_aEkACAMAA1ZH6HgW____3dvNN6zsiLQ6BA', 'big_file_unique_id': 'AQADFhRrG_U_aEkB'}, 'pinned_message': {'message_id': 42, 'from': {'id': 8472924056, 'is_bot': False, 'first_name': 'Behruzbek', 'last_name': 'Rahimjonov', 'username': 'Rahimjonov_Behruzbek', 'language_code': 'en', 'is_premium': True}, 'author_signature': 'ベギ', 'chat': {'id': -1002993858730, 'title': 'Use Your 🧠', 'username': 'aboutbegi', 'type': 'channel'}, 'date': 1758646990, 'edit_date': 1758705875, 'video': {'duration': 9, 'width': 1280, 'height': 752, 'file_name': 'IMG_1704.MOV', 'mime_type': 'video/mp4', 'thumbnail': {'file_id': 'AAMCAgADIQUABLJyqKoAAyppvNb3-ecCl5N46JWfynVce03engACpUUAAjE9UEn-mbsCqZ9uzgEAB20AAzoE', 'file_unique_id': 'AQADpUUAAjE9UEly', 'file_size': 1589, 'width': 320, 'height': 188}, 'thumb': {'file_id': 'AAMCAgADIQUABLJyqKoAAyppvNb3-ecCl5N46JWfynVce03engACpUUAAjE9UEn-mbsCqZ9uzgEAB20AAzoE', 'file_unique_id': 'AQADpUUAAjE9UEly', 'file_size': 1589, 'width': 320, 'height': 188}, 'file_id': 'BAACAgIAAyEFAASycqiqAAMqabzW9_nnApeTeOiVn8p1XHtN3p4AAqVFAAIxPVBJ_pm7Aqmfbs46BA', 'file_unique_id': 'AgADpUUAAjE9UEk', 'file_size': 1222081}, 'caption': '#love\n\n🫀Hayotda chiroyli insonni emas,\nHayotingizni chiroyli qilgan insonni seving!\n🤩🤩🤩🤩\n\n😎@ABOUTBEGI🇺🇿', 'caption_entities': [{'offset': 0, 'length': 5, 'type': 'hashtag'}, {'offset': 9, 'length': 75, 'type': 'bold'}, {'offset': 85, 'length': 2, 'type': 'custom_emoji', 'custom_emoji_id': '5344024555675482501'}, {'offset': 87, 'length': 2, 'type': 'custom_emoji', 'custom_emoji_id': '5343854552279973746'}, {'offset': 89, 'length': 2, 'type': 'custom_emoji', 'custom_emoji_id': '5344055475145043623'}, {'offset': 91, 'length': 2, 'type': 'custom_emoji', 'custom_emoji_id': '5343769675136267705'}, {'offset': 95, 'length': 2, 'type': 'custom_emoji', 'custom_emoji_id': '5332301305002086070'}, {'offset': 97, 'length': 10, 'type': 'mention'}, {'offset': 107, 'length': 4, 'type': 'custom_emoji', 'custom_emoji_id': '5456633061963734854'}]}, 'emoji_status_custom_emoji_id': '5472164874886846699', 'available_reactions': [{'type': 'paid'}, {'type': 'custom_emoji', 'custom_emoji_id': '5384474046568092284'}, {'type': 'custom_emoji', 'custom_emoji_id': '5190458330719461749'}, {'type': 'custom_emoji', 'custom_emoji_id': '5316790180936431490'}, {'type': 'custom_emoji', 'custom_emoji_id': '5316924123786524990'}, {'type': 'custom_emoji', 'custom_emoji_id': '5316968838691043737'}, {'type': 'custom_emoji', 'custom_emoji_id': '5316630292188903702'}, {'type': 'custom_emoji', 'custom_emoji_id': '5316740183222140641'}, {'type': 'custom_emoji', 'custom_emoji_id': '5393333623501904108'}], 'max_reaction_count': 11, 'accent_color_id': 2, 'background_custom_emoji_id': '5361949382641990734', 'profile_background_custom_emoji_id': '5325915487496842326'}}

During handling of the above exception, another exception occurred:

Traceback (most recent call last):
  File "/home/userbegi/learnbot/venv/lib/python3.12/site-packages/aiogram/dispatcher/dispatcher.py", line 309, in _process_update
    response = await self.feed_update(bot, update, **kwargs)
               ^^^^^^^^^^^^^^^^^^^^^^^^^^^^^^^^^^^^^^^^^^^^^
  File "/home/userbegi/learnbot/venv/lib/python3.12/site-packages/aiogram/dispatcher/dispatcher.py", line 158, in feed_update
    response = await self.update.wrap_outer_middleware(
               ^^^^^^^^^^^^^^^^^^^^^^^^^^^^^^^^^^^^^^^^
  File "/home/userbegi/learnbot/venv/lib/python3.12/site-packages/aiogram/dispatcher/middlewares/error.py", line 25, in __call__
    return await handler(event, data)
           ^^^^^^^^^^^^^^^^^^^^^^^^^^
  File "/home/userbegi/learnbot/venv/lib/python3.12/site-packages/aiogram/dispatcher/middlewares/user_context.py", line 49, in __call__
    return await handler(event, data)
           ^^^^^^^^^^^^^^^^^^^^^^^^^^
  File "/home/userbegi/learnbot/venv/lib/python3.12/site-packages/aiogram/fsm/middleware.py", line 42, in __call__
    return await handler(event, data)
           ^^^^^^^^^^^^^^^^^^^^^^^^^^
  File "/home/userbegi/learnbot/venv/lib/python3.12/site-packages/aiogram/dispatcher/event/telegram.py", line 121, in trigger
    return await wrapped_inner(event, kwargs)
           ^^^^^^^^^^^^^^^^^^^^^^^^^^^^^^^^^^
  File "/home/userbegi/learnbot/venv/lib/python3.12/site-packages/aiogram/dispatcher/event/handler.py", line 43, in call
    return await wrapped()
           ^^^^^^^^^^^^^^^
  File "/home/userbegi/learnbot/venv/lib/python3.12/site-packages/aiogram/dispatcher/dispatcher.py", line 276, in _listen_update
    return await self.propagate_event(update_type=update_type, event=event, **kwargs)
           ^^^^^^^^^^^^^^^^^^^^^^^^^^^^^^^^^^^^^^^^^^^^^^^^^^^^^^^^^^^^^^^^^^^^^^^^^^
  File "/home/userbegi/learnbot/venv/lib/python3.12/site-packages/aiogram/dispatcher/router.py", line 142, in propagate_event
    return await observer.wrap_outer_middleware(_wrapped, event=event, data=kwargs)
           ^^^^^^^^^^^^^^^^^^^^^^^^^^^^^^^^^^^^^^^^^^^^^^^^^^^^^^^^^^^^^^^^^^^^^^^^
  File "/home/userbegi/learnbot/venv/lib/python3.12/site-packages/aiogram/dispatcher/router.py", line 137, in _wrapped
    return await self._propagate_event(
           ^^^^^^^^^^^^^^^^^^^^^^^^^^^^
  File "/home/userbegi/learnbot/venv/lib/python3.12/site-packages/aiogram/dispatcher/router.py", line 170, in _propagate_event
    response = await router.propagate_event(update_type=update_type, event=event, **kwargs)
               ^^^^^^^^^^^^^^^^^^^^^^^^^^^^^^^^^^^^^^^^^^^^^^^^^^^^^^^^^^^^^^^^^^^^^^^^^^^^
  File "/home/userbegi/learnbot/venv/lib/python3.12/site-packages/aiogram/dispatcher/router.py", line 142, in propagate_event
    return await observer.wrap_outer_middleware(_wrapped, event=event, data=kwargs)
           ^^^^^^^^^^^^^^^^^^^^^^^^^^^^^^^^^^^^^^^^^^^^^^^^^^^^^^^^^^^^^^^^^^^^^^^^
  File "/home/userbegi/learnbot/venv/lib/python3.12/site-packages/aiogram/dispatcher/router.py", line 137, in _wrapped
    return await self._propagate_event(
           ^^^^^^^^^^^^^^^^^^^^^^^^^^^^
  File "/home/userbegi/learnbot/venv/lib/python3.12/site-packages/aiogram/dispatcher/router.py", line 162, in _propagate_event
    response = await observer.trigger(event, **kwargs)
               ^^^^^^^^^^^^^^^^^^^^^^^^^^^^^^^^^^^^^^^
  File "/home/userbegi/learnbot/venv/lib/python3.12/site-packages/aiogram/dispatcher/event/telegram.py", line 121, in trigger
    return await wrapped_inner(event, kwargs)
           ^^^^^^^^^^^^^^^^^^^^^^^^^^^^^^^^^^
  File "/home/userbegi/learnbot/middlewares/throttle.py", line 26, in __call__
    return await handler(event, data)
           ^^^^^^^^^^^^^^^^^^^^^^^^^^
  File "/home/userbegi/learnbot/middlewares/auth.py", line 37, in __call__
    return await handler(event, data)
           ^^^^^^^^^^^^^^^^^^^^^^^^^^
  File "/home/userbegi/learnbot/venv/lib/python3.12/site-packages/aiogram/dispatcher/event/handler.py", line 43, in call
    return await wrapped()
           ^^^^^^^^^^^^^^^
  File "/home/userbegi/learnbot/handlers/admin_broadcast.py", line 143, in ch_public_id_received
    await message.answer(
  File "/home/userbegi/learnbot/venv/lib/python3.12/site-packages/aiogram/methods/base.py", line 84, in emit
    return await bot(self)
           ^^^^^^^^^^^^^^^
  File "/home/userbegi/learnbot/venv/lib/python3.12/site-packages/aiogram/client/bot.py", line 480, in __call__
    return await self.session(self, method, timeout=request_timeout)
           ^^^^^^^^^^^^^^^^^^^^^^^^^^^^^^^^^^^^^^^^^^^^^^^^^^^^^^^^^
  File "/home/userbegi/learnbot/venv/lib/python3.12/site-packages/aiogram/client/session/base.py", line 254, in __call__
    return cast(TelegramType, await middleware(bot, method))
                              ^^^^^^^^^^^^^^^^^^^^^^^^^^^^^
  File "/home/userbegi/learnbot/venv/lib/python3.12/site-packages/aiogram/client/session/aiohttp.py", line 178, in make_request
    response = self.check_response(
               ^^^^^^^^^^^^^^^^^^^^
  File "/home/userbegi/learnbot/venv/lib/python3.12/site-packages/aiogram/client/session/base.py", line 120, in check_response
    raise TelegramBadRequest(method=method, message=description)
aiogram.exceptions.TelegramBadRequest: Telegram server says - Bad Request: can't parse entities: Unsupported start tag "reactiontypetype.emoji:" at byte offset 255
2026-03-20 14:22:30,632 | INFO | aiogram.event | Update id=940454292 is handled. Duration 185 ms by bot id=8596279476
2026-03-20 14:22:33,020 | INFO | aiogram.event | Update id=940454293 is handled. Duration 510 ms by bot id=8596279476
2026-03-20 14:22:34,099 | INFO | aiogram.event | Update id=940454294 is handled. Duration 405 ms by bot id=8596279476
2026-03-20 14:22:35,290 | INFO | aiogram.event | Update id=940454295 is handled. Duration 310 ms by bot id=8596279476
2026-03-20 14:22:37,621 | INFO | aiogram.event | Update id=940454296 is not handled. Duration 338 ms by bot id=8596279476
2026-03-20 14:22:37,621 | ERROR | aiogram.event | Cause exception while process update id=940454296 by bot id=8596279476
TelegramBadRequest: Telegram server says - Bad Request: can't parse entities: Unsupported start tag "reactiontypetype.emoji:" at byte offset 255
Traceback (most recent call last):
  File "/home/userbegi/learnbot/venv/lib/python3.12/site-packages/aiogram/client/session/base.py", line 99, in check_response
    response = response_type.model_validate(json_data, context={"bot": bot})
               ^^^^^^^^^^^^^^^^^^^^^^^^^^^^^^^^^^^^^^^^^^^^^^^^^^^^^^^^^^^^^
  File "/home/userbegi/learnbot/venv/lib/python3.12/site-packages/pydantic/main.py", line 551, in model_validate
    return cls.__pydantic_validator__.validate_python(
           ^^^^^^^^^^^^^^^^^^^^^^^^^^^^^^^^^^^^^^^^^^^
pydantic_core._pydantic_core.ValidationError: 4 validation errors for Response[ChatFullInfo]
result.available_reactions.0.ReactionTypeEmoji.type
  Input should be <ReactionTypeType.EMOJI: 'emoji'> [type=literal_error, input_value='paid', input_type=str]
    For further information visit https://errors.pydantic.dev/2.7/v/literal_error
result.available_reactions.0.ReactionTypeEmoji.emoji
  Field required [type=missing, input_value={'type': 'paid'}, input_type=dict]
    For further information visit https://errors.pydantic.dev/2.7/v/missing
result.available_reactions.0.ReactionTypeCustomEmoji.type
  Input should be <ReactionTypeType.CUSTOM_EMOJI: 'custom_emoji'> [type=literal_error, input_value='paid', input_type=str]
    For further information visit https://errors.pydantic.dev/2.7/v/literal_error
result.available_reactions.0.ReactionTypeCustomEmoji.custom_emoji_id
  Field required [type=missing, input_value={'type': 'paid'}, input_type=dict]
    For further information visit https://errors.pydantic.dev/2.7/v/missing

During handling of the above exception, another exception occurred:

Traceback (most recent call last):
  File "/home/userbegi/learnbot/handlers/admin_broadcast.py", line 127, in ch_public_id_received
    chat = await bot.get_chat(cid)
           ^^^^^^^^^^^^^^^^^^^^^^^
  File "/home/userbegi/learnbot/venv/lib/python3.12/site-packages/aiogram/client/bot.py", line 1621, in get_chat
    return await self(call, request_timeout=request_timeout)
           ^^^^^^^^^^^^^^^^^^^^^^^^^^^^^^^^^^^^^^^^^^^^^^^^^
  File "/home/userbegi/learnbot/venv/lib/python3.12/site-packages/aiogram/client/bot.py", line 480, in __call__
    return await self.session(self, method, timeout=request_timeout)
           ^^^^^^^^^^^^^^^^^^^^^^^^^^^^^^^^^^^^^^^^^^^^^^^^^^^^^^^^^
  File "/home/userbegi/learnbot/venv/lib/python3.12/site-packages/aiogram/client/session/base.py", line 254, in __call__
    return cast(TelegramType, await middleware(bot, method))
                              ^^^^^^^^^^^^^^^^^^^^^^^^^^^^^
  File "/home/userbegi/learnbot/venv/lib/python3.12/site-packages/aiogram/client/session/aiohttp.py", line 178, in make_request
    response = self.check_response(
               ^^^^^^^^^^^^^^^^^^^^
  File "/home/userbegi/learnbot/venv/lib/python3.12/site-packages/aiogram/client/session/base.py", line 101, in check_response
    raise ClientDecodeError("Failed to deserialize object", e, json_data)
aiogram.exceptions.ClientDecodeError: Failed to deserialize object
Caused from error: pydantic_core._pydantic_core.ValidationError: 4 validation errors for Response[ChatFullInfo]
result.available_reactions.0.ReactionTypeEmoji.type
  Input should be <ReactionTypeType.EMOJI: 'emoji'> [type=literal_error, input_value='paid', input_type=str]
    For further information visit https://errors.pydantic.dev/2.7/v/literal_error
result.available_reactions.0.ReactionTypeEmoji.emoji
  Field required [type=missing, input_value={'type': 'paid'}, input_type=dict]
    For further information visit https://errors.pydantic.dev/2.7/v/missing
result.available_reactions.0.ReactionTypeCustomEmoji.type
  Input should be <ReactionTypeType.CUSTOM_EMOJI: 'custom_emoji'> [type=literal_error, input_value='paid', input_type=str]
    For further information visit https://errors.pydantic.dev/2.7/v/literal_error
result.available_reactions.0.ReactionTypeCustomEmoji.custom_emoji_id
  Field required [type=missing, input_value={'type': 'paid'}, input_type=dict]
    For further information visit https://errors.pydantic.dev/2.7/v/missing
Content: {'ok': True, 'result': {'id': -1002993858730, 'title': 'Use Your 🧠', 'username': 'aboutbegi', 'type': 'channel', 'active_usernames': ['aboutbegi'], 'description': "Behruzbek Rahimjonov Sanjarbek og'li \n22.02.20**\nDasturchi | Teacher\n\nC++,Python\n\n@bybegi\n\n🧠\nKetgazgan vaqtingizga rozi bo'lsangiz qoling🫀\n@Rahimjonov_Behruzbek", 'can_send_gift': True, 'has_visible_history': True, 'linked_chat_id': -1002855825458, 'can_send_paid_media': True, 'accepted_gift_types': {'unlimited_gifts': True, 'limited_gifts': True, 'unique_gifts': True, 'premium_subscription': True, 'gifts_from_channels': True}, 'photo': {'small_file_id': 'AQADAgADFhRrG_U_aEkACAIAA1ZH6HgW____3dvNN6zsiLQ6BA', 'small_file_unique_id': 'AQADFhRrG_U_aEkAAQ', 'big_file_id': 'AQADAgADFhRrG_U_aEkACAMAA1ZH6HgW____3dvNN6zsiLQ6BA', 'big_file_unique_id': 'AQADFhRrG_U_aEkB'}, 'pinned_message': {'message_id': 42, 'from': {'id': 8472924056, 'is_bot': False, 'first_name': 'Behruzbek', 'last_name': 'Rahimjonov', 'username': 'Rahimjonov_Behruzbek', 'language_code': 'en', 'is_premium': True}, 'author_signature': 'ベギ', 'chat': {'id': -1002993858730, 'title': 'Use Your 🧠', 'username': 'aboutbegi', 'type': 'channel'}, 'date': 1758646990, 'edit_date': 1758705875, 'video': {'duration': 9, 'width': 1280, 'height': 752, 'file_name': 'IMG_1704.MOV', 'mime_type': 'video/mp4', 'thumbnail': {'file_id': 'AAMCAgADIQUABLJyqKoAAyppvNb3-ecCl5N46JWfynVce03engACpUUAAjE9UEn-mbsCqZ9uzgEAB20AAzoE', 'file_unique_id': 'AQADpUUAAjE9UEly', 'file_size': 1589, 'width': 320, 'height': 188}, 'thumb': {'file_id': 'AAMCAgADIQUABLJyqKoAAyppvNb3-ecCl5N46JWfynVce03engACpUUAAjE9UEn-mbsCqZ9uzgEAB20AAzoE', 'file_unique_id': 'AQADpUUAAjE9UEly', 'file_size': 1589, 'width': 320, 'height': 188}, 'file_id': 'BAACAgIAAyEFAASycqiqAAMqabzW9_nnApeTeOiVn8p1XHtN3p4AAqVFAAIxPVBJ_pm7Aqmfbs46BA', 'file_unique_id': 'AgADpUUAAjE9UEk', 'file_size': 1222081}, 'caption': '#love\n\n🫀Hayotda chiroyli insonni emas,\nHayotingizni chiroyli qilgan insonni seving!\n🤩🤩🤩🤩\n\n😎@ABOUTBEGI🇺🇿', 'caption_entities': [{'offset': 0, 'length': 5, 'type': 'hashtag'}, {'offset': 9, 'length': 75, 'type': 'bold'}, {'offset': 85, 'length': 2, 'type': 'custom_emoji', 'custom_emoji_id': '5344024555675482501'}, {'offset': 87, 'length': 2, 'type': 'custom_emoji', 'custom_emoji_id': '5343854552279973746'}, {'offset': 89, 'length': 2, 'type': 'custom_emoji', 'custom_emoji_id': '5344055475145043623'}, {'offset': 91, 'length': 2, 'type': 'custom_emoji', 'custom_emoji_id': '5343769675136267705'}, {'offset': 95, 'length': 2, 'type': 'custom_emoji', 'custom_emoji_id': '5332301305002086070'}, {'offset': 97, 'length': 10, 'type': 'mention'}, {'offset': 107, 'length': 4, 'type': 'custom_emoji', 'custom_emoji_id': '5456633061963734854'}]}, 'emoji_status_custom_emoji_id': '5472164874886846699', 'available_reactions': [{'type': 'paid'}, {'type': 'custom_emoji', 'custom_emoji_id': '5384474046568092284'}, {'type': 'custom_emoji', 'custom_emoji_id': '5190458330719461749'}, {'type': 'custom_emoji', 'custom_emoji_id': '5316790180936431490'}, {'type': 'custom_emoji', 'custom_emoji_id': '5316924123786524990'}, {'type': 'custom_emoji', 'custom_emoji_id': '5316968838691043737'}, {'type': 'custom_emoji', 'custom_emoji_id': '5316630292188903702'}, {'type': 'custom_emoji', 'custom_emoji_id': '5316740183222140641'}, {'type': 'custom_emoji', 'custom_emoji_id': '5393333623501904108'}], 'max_reaction_count': 11, 'accent_color_id': 2, 'background_custom_emoji_id': '5361949382641990734', 'profile_background_custom_emoji_id': '5325915487496842326'}}

During handling of the above exception, another exception occurred:

Traceback (most recent call last):
  File "/home/userbegi/learnbot/venv/lib/python3.12/site-packages/aiogram/dispatcher/dispatcher.py", line 309, in _process_update
    response = await self.feed_update(bot, update, **kwargs)
               ^^^^^^^^^^^^^^^^^^^^^^^^^^^^^^^^^^^^^^^^^^^^^
  File "/home/userbegi/learnbot/venv/lib/python3.12/site-packages/aiogram/dispatcher/dispatcher.py", line 158, in feed_update
    response = await self.update.wrap_outer_middleware(
               ^^^^^^^^^^^^^^^^^^^^^^^^^^^^^^^^^^^^^^^^
  File "/home/userbegi/learnbot/venv/lib/python3.12/site-packages/aiogram/dispatcher/middlewares/error.py", line 25, in __call__
    return await handler(event, data)
           ^^^^^^^^^^^^^^^^^^^^^^^^^^
  File "/home/userbegi/learnbot/venv/lib/python3.12/site-packages/aiogram/dispatcher/middlewares/user_context.py", line 49, in __call__
    return await handler(event, data)
           ^^^^^^^^^^^^^^^^^^^^^^^^^^
  File "/home/userbegi/learnbot/venv/lib/python3.12/site-packages/aiogram/fsm/middleware.py", line 42, in __call__
    return await handler(event, data)
           ^^^^^^^^^^^^^^^^^^^^^^^^^^
  File "/home/userbegi/learnbot/venv/lib/python3.12/site-packages/aiogram/dispatcher/event/telegram.py", line 121, in trigger
    return await wrapped_inner(event, kwargs)
           ^^^^^^^^^^^^^^^^^^^^^^^^^^^^^^^^^^
  File "/home/userbegi/learnbot/venv/lib/python3.12/site-packages/aiogram/dispatcher/event/handler.py", line 43, in call
    return await wrapped()
           ^^^^^^^^^^^^^^^
  File "/home/userbegi/learnbot/venv/lib/python3.12/site-packages/aiogram/dispatcher/dispatcher.py", line 276, in _listen_update
    return await self.propagate_event(update_type=update_type, event=event, **kwargs)
           ^^^^^^^^^^^^^^^^^^^^^^^^^^^^^^^^^^^^^^^^^^^^^^^^^^^^^^^^^^^^^^^^^^^^^^^^^^
  File "/home/userbegi/learnbot/venv/lib/python3.12/site-packages/aiogram/dispatcher/router.py", line 142, in propagate_event
    return await observer.wrap_outer_middleware(_wrapped, event=event, data=kwargs)
           ^^^^^^^^^^^^^^^^^^^^^^^^^^^^^^^^^^^^^^^^^^^^^^^^^^^^^^^^^^^^^^^^^^^^^^^^
  File "/home/userbegi/learnbot/venv/lib/python3.12/site-packages/aiogram/dispatcher/router.py", line 137, in _wrapped
    return await self._propagate_event(
           ^^^^^^^^^^^^^^^^^^^^^^^^^^^^
  File "/home/userbegi/learnbot/venv/lib/python3.12/site-packages/aiogram/dispatcher/router.py", line 170, in _propagate_event
    response = await router.propagate_event(update_type=update_type, event=event, **kwargs)
               ^^^^^^^^^^^^^^^^^^^^^^^^^^^^^^^^^^^^^^^^^^^^^^^^^^^^^^^^^^^^^^^^^^^^^^^^^^^^
  File "/home/userbegi/learnbot/venv/lib/python3.12/site-packages/aiogram/dispatcher/router.py", line 142, in propagate_event
    return await observer.wrap_outer_middleware(_wrapped, event=event, data=kwargs)
           ^^^^^^^^^^^^^^^^^^^^^^^^^^^^^^^^^^^^^^^^^^^^^^^^^^^^^^^^^^^^^^^^^^^^^^^^
  File "/home/userbegi/learnbot/venv/lib/python3.12/site-packages/aiogram/dispatcher/router.py", line 137, in _wrapped
    return await self._propagate_event(
           ^^^^^^^^^^^^^^^^^^^^^^^^^^^^
  File "/home/userbegi/learnbot/venv/lib/python3.12/site-packages/aiogram/dispatcher/router.py", line 162, in _propagate_event
    response = await observer.trigger(event, **kwargs)
               ^^^^^^^^^^^^^^^^^^^^^^^^^^^^^^^^^^^^^^^
  File "/home/userbegi/learnbot/venv/lib/python3.12/site-packages/aiogram/dispatcher/event/telegram.py", line 121, in trigger
    return await wrapped_inner(event, kwargs)
           ^^^^^^^^^^^^^^^^^^^^^^^^^^^^^^^^^^
  File "/home/userbegi/learnbot/middlewares/throttle.py", line 26, in __call__
    return await handler(event, data)
           ^^^^^^^^^^^^^^^^^^^^^^^^^^
  File "/home/userbegi/learnbot/middlewares/auth.py", line 37, in __call__
    return await handler(event, data)
           ^^^^^^^^^^^^^^^^^^^^^^^^^^
  File "/home/userbegi/learnbot/venv/lib/python3.12/site-packages/aiogram/dispatcher/event/handler.py", line 43, in call
    return await wrapped()
           ^^^^^^^^^^^^^^^
  File "/home/userbegi/learnbot/handlers/admin_broadcast.py", line 143, in ch_public_id_received
    await message.answer(
  File "/home/userbegi/learnbot/venv/lib/python3.12/site-packages/aiogram/methods/base.py", line 84, in emit
    return await bot(self)
           ^^^^^^^^^^^^^^^
  File "/home/userbegi/learnbot/venv/lib/python3.12/site-packages/aiogram/client/bot.py", line 480, in __call__
    return await self.session(self, method, timeout=request_timeout)
           ^^^^^^^^^^^^^^^^^^^^^^^^^^^^^^^^^^^^^^^^^^^^^^^^^^^^^^^^^
  File "/home/userbegi/learnbot/venv/lib/python3.12/site-packages/aiogram/client/session/base.py", line 254, in __call__
    return cast(TelegramType, await middleware(bot, method))
                              ^^^^^^^^^^^^^^^^^^^^^^^^^^^^^
  File "/home/userbegi/learnbot/venv/lib/python3.12/site-packages/aiogram/client/session/aiohttp.py", line 178, in make_request
    response = self.check_response(
               ^^^^^^^^^^^^^^^^^^^^
  File "/home/userbegi/learnbot/venv/lib/python3.12/site-packages/aiogram/client/session/base.py", line 120, in check_response
    raise TelegramBadRequest(method=method, message=description)
aiogram.exceptions.TelegramBadRequest: Telegram server says - Bad Request: can't parse entities: Unsupported start tag "reactiontypetype.emoji:" at byte offset 255
2026-03-20 14:22:48,218 | INFO | aiogram.event | Update id=940454297 is handled. Duration 350 ms by bot id=8596279476
2026-03-20 14:22:49,941 | INFO | aiogram.event | Update id=940454298 is handled. Duration 243 ms by bot id=8596279476
2026-03-20 14:22:51,270 | INFO | aiogram.event | Update id=940454299 is handled. Duration 442 ms by bot id=8596279476
2026-03-20 14:22:52,581 | INFO | aiogram.event | Update id=940454300 is handled. Duration 241 ms by bot id=8596279476
2026-03-20 14:22:54,344 | INFO | aiogram.event | Update id=940454301 is handled. Duration 175 ms by bot id=8596279476
2026-03-20 14:22:55,661 | INFO | aiogram.event | Update id=940454302 is handled. Duration 361 ms by bot id=8596279476
2026-03-20 14:22:57,000 | INFO | aiogram.event | Update id=940454303 is handled. Duration 323 ms by bot id=8596279476
2026-03-20 14:22:58,039 | INFO | aiogram.event | Update id=940454304 is handled. Duration 178 ms by bot id=8596279476
2026-03-20 14:23:02,260 | INFO | aiogram.event | Update id=940454305 is handled. Duration 875 ms by bot id=8596279476
2026-03-20 14:23:16,791 | INFO | aiogram.event | Update id=940454306 is not handled. Duration 10 ms by bot id=8596279476
2026-03-20 14:23:26,173 | INFO | aiogram.event | Update id=940454307 is not handled. Duration 5 ms by bot id=8596279476
2026-03-20 14:23:27,799 | INFO | aiogram.event | Update id=940454308 is not handled. Duration 16 ms by bot id=8596279476
2026-03-20 14:23:34,261 | INFO | aiogram.event | Update id=940454309 is handled. Duration 722 ms by bot id=8596279476
2026-03-20 14:23:36,204 | INFO | aiogram.event | Update id=940454310 is handled. Duration 411 ms by bot id=8596279476
2026-03-20 14:23:41,524 | INFO | aiogram.event | Update id=940454311 is handled. Duration 816 ms by bot id=8596279476
2026-03-20 14:23:43,694 | INFO | aiogram.event | Update id=940454312 is handled. Duration 298 ms by bot id=8596279476
2026-03-20 14:24:00,783 | INFO | aiogram.event | Update id=940454313 is handled. Duration 882 ms by bot id=8596279476
2026-03-20 14:24:06,061 | INFO | aiogram.event | Update id=940454314 is handled. Duration 777 ms by bot id=8596279476
2026-03-20 14:24:29,821 | INFO | aiogram.event | Update id=940454315 is handled. Duration 781 ms by bot id=8596279476
2026-03-20 14:24:31,803 | INFO | aiogram.event | Update id=940454316 is handled. Duration 484 ms by bot id=8596279476
2026-03-20 14:24:33,341 | INFO | aiogram.event | Update id=940454317 is handled. Duration 409 ms by bot id=8596279476
2026-03-20 14:24:35,592 | INFO | aiogram.event | Update id=940454318 is handled. Duration 613 ms by bot id=8596279476
2026-03-20 14:24:41,770 | INFO | aiogram.event | Update id=940454319 is not handled. Duration 441 ms by bot id=8596279476
2026-03-20 14:24:41,770 | ERROR | aiogram.event | Cause exception while process update id=940454319 by bot id=8596279476
TelegramBadRequest: Telegram server says - Bad Request: can't parse entities: Unsupported start tag "reactiontypetype.emoji:" at byte offset 255
Traceback (most recent call last):
  File "/home/userbegi/learnbot/venv/lib/python3.12/site-packages/aiogram/client/session/base.py", line 99, in check_response
    response = response_type.model_validate(json_data, context={"bot": bot})
               ^^^^^^^^^^^^^^^^^^^^^^^^^^^^^^^^^^^^^^^^^^^^^^^^^^^^^^^^^^^^^
  File "/home/userbegi/learnbot/venv/lib/python3.12/site-packages/pydantic/main.py", line 551, in model_validate
    return cls.__pydantic_validator__.validate_python(
           ^^^^^^^^^^^^^^^^^^^^^^^^^^^^^^^^^^^^^^^^^^^
pydantic_core._pydantic_core.ValidationError: 4 validation errors for Response[ChatFullInfo]
result.available_reactions.0.ReactionTypeEmoji.type
  Input should be <ReactionTypeType.EMOJI: 'emoji'> [type=literal_error, input_value='paid', input_type=str]
    For further information visit https://errors.pydantic.dev/2.7/v/literal_error
result.available_reactions.0.ReactionTypeEmoji.emoji
  Field required [type=missing, input_value={'type': 'paid'}, input_type=dict]
    For further information visit https://errors.pydantic.dev/2.7/v/missing
result.available_reactions.0.ReactionTypeCustomEmoji.type
  Input should be <ReactionTypeType.CUSTOM_EMOJI: 'custom_emoji'> [type=literal_error, input_value='paid', input_type=str]
    For further information visit https://errors.pydantic.dev/2.7/v/literal_error
result.available_reactions.0.ReactionTypeCustomEmoji.custom_emoji_id
  Field required [type=missing, input_value={'type': 'paid'}, input_type=dict]
    For further information visit https://errors.pydantic.dev/2.7/v/missing

During handling of the above exception, another exception occurred:

Traceback (most recent call last):
  File "/home/userbegi/learnbot/handlers/admin_broadcast.py", line 127, in ch_public_id_received
    chat = await bot.get_chat(cid)
           ^^^^^^^^^^^^^^^^^^^^^^^
  File "/home/userbegi/learnbot/venv/lib/python3.12/site-packages/aiogram/client/bot.py", line 1621, in get_chat
    return await self(call, request_timeout=request_timeout)
           ^^^^^^^^^^^^^^^^^^^^^^^^^^^^^^^^^^^^^^^^^^^^^^^^^
  File "/home/userbegi/learnbot/venv/lib/python3.12/site-packages/aiogram/client/bot.py", line 480, in __call__
    return await self.session(self, method, timeout=request_timeout)
           ^^^^^^^^^^^^^^^^^^^^^^^^^^^^^^^^^^^^^^^^^^^^^^^^^^^^^^^^^
  File "/home/userbegi/learnbot/venv/lib/python3.12/site-packages/aiogram/client/session/base.py", line 254, in __call__
    return cast(TelegramType, await middleware(bot, method))
                              ^^^^^^^^^^^^^^^^^^^^^^^^^^^^^
  File "/home/userbegi/learnbot/venv/lib/python3.12/site-packages/aiogram/client/session/aiohttp.py", line 178, in make_request
    response = self.check_response(
               ^^^^^^^^^^^^^^^^^^^^
  File "/home/userbegi/learnbot/venv/lib/python3.12/site-packages/aiogram/client/session/base.py", line 101, in check_response
    raise ClientDecodeError("Failed to deserialize object", e, json_data)
aiogram.exceptions.ClientDecodeError: Failed to deserialize object
Caused from error: pydantic_core._pydantic_core.ValidationError: 4 validation errors for Response[ChatFullInfo]
result.available_reactions.0.ReactionTypeEmoji.type
  Input should be <ReactionTypeType.EMOJI: 'emoji'> [type=literal_error, input_value='paid', input_type=str]
    For further information visit https://errors.pydantic.dev/2.7/v/literal_error
result.available_reactions.0.ReactionTypeEmoji.emoji
  Field required [type=missing, input_value={'type': 'paid'}, input_type=dict]
    For further information visit https://errors.pydantic.dev/2.7/v/missing
result.available_reactions.0.ReactionTypeCustomEmoji.type
  Input should be <ReactionTypeType.CUSTOM_EMOJI: 'custom_emoji'> [type=literal_error, input_value='paid', input_type=str]
    For further information visit https://errors.pydantic.dev/2.7/v/literal_error
result.available_reactions.0.ReactionTypeCustomEmoji.custom_emoji_id
  Field required [type=missing, input_value={'type': 'paid'}, input_type=dict]
    For further information visit https://errors.pydantic.dev/2.7/v/missing
Content: {'ok': True, 'result': {'id': -1002993858730, 'title': 'Use Your 🧠', 'username': 'aboutbegi', 'type': 'channel', 'active_usernames': ['aboutbegi'], 'description': "Behruzbek Rahimjonov Sanjarbek og'li \n22.02.20**\nDasturchi | Teacher\n\nC++,Python\n\n@bybegi\n\n🧠\nKetgazgan vaqtingizga rozi bo'lsangiz qoling🫀\n@Rahimjonov_Behruzbek", 'can_send_gift': True, 'has_visible_history': True, 'linked_chat_id': -1002855825458, 'can_send_paid_media': True, 'accepted_gift_types': {'unlimited_gifts': True, 'limited_gifts': True, 'unique_gifts': True, 'premium_subscription': True, 'gifts_from_channels': True}, 'photo': {'small_file_id': 'AQADAgADFhRrG_U_aEkACAIAA1ZH6HgW____3dvNN6zsiLQ6BA', 'small_file_unique_id': 'AQADFhRrG_U_aEkAAQ', 'big_file_id': 'AQADAgADFhRrG_U_aEkACAMAA1ZH6HgW____3dvNN6zsiLQ6BA', 'big_file_unique_id': 'AQADFhRrG_U_aEkB'}, 'pinned_message': {'message_id': 42, 'from': {'id': 8472924056, 'is_bot': False, 'first_name': 'Behruzbek', 'last_name': 'Rahimjonov', 'username': 'Rahimjonov_Behruzbek', 'language_code': 'en', 'is_premium': True}, 'author_signature': 'ベギ', 'chat': {'id': -1002993858730, 'title': 'Use Your 🧠', 'username': 'aboutbegi', 'type': 'channel'}, 'date': 1758646990, 'edit_date': 1758705875, 'video': {'duration': 9, 'width': 1280, 'height': 752, 'file_name': 'IMG_1704.MOV', 'mime_type': 'video/mp4', 'thumbnail': {'file_id': 'AAMCAgADIQUABLJyqKoAAyppvNb3-ecCl5N46JWfynVce03engACpUUAAjE9UEn-mbsCqZ9uzgEAB20AAzoE', 'file_unique_id': 'AQADpUUAAjE9UEly', 'file_size': 1589, 'width': 320, 'height': 188}, 'thumb': {'file_id': 'AAMCAgADIQUABLJyqKoAAyppvNb3-ecCl5N46JWfynVce03engACpUUAAjE9UEn-mbsCqZ9uzgEAB20AAzoE', 'file_unique_id': 'AQADpUUAAjE9UEly', 'file_size': 1589, 'width': 320, 'height': 188}, 'file_id': 'BAACAgIAAyEFAASycqiqAAMqabzW9_nnApeTeOiVn8p1XHtN3p4AAqVFAAIxPVBJ_pm7Aqmfbs46BA', 'file_unique_id': 'AgADpUUAAjE9UEk', 'file_size': 1222081}, 'caption': '#love\n\n🫀Hayotda chiroyli insonni emas,\nHayotingizni chiroyli qilgan insonni seving!\n🤩🤩🤩🤩\n\n😎@ABOUTBEGI🇺🇿', 'caption_entities': [{'offset': 0, 'length': 5, 'type': 'hashtag'}, {'offset': 9, 'length': 75, 'type': 'bold'}, {'offset': 85, 'length': 2, 'type': 'custom_emoji', 'custom_emoji_id': '5344024555675482501'}, {'offset': 87, 'length': 2, 'type': 'custom_emoji', 'custom_emoji_id': '5343854552279973746'}, {'offset': 89, 'length': 2, 'type': 'custom_emoji', 'custom_emoji_id': '5344055475145043623'}, {'offset': 91, 'length': 2, 'type': 'custom_emoji', 'custom_emoji_id': '5343769675136267705'}, {'offset': 95, 'length': 2, 'type': 'custom_emoji', 'custom_emoji_id': '5332301305002086070'}, {'offset': 97, 'length': 10, 'type': 'mention'}, {'offset': 107, 'length': 4, 'type': 'custom_emoji', 'custom_emoji_id': '5456633061963734854'}]}, 'emoji_status_custom_emoji_id': '5472164874886846699', 'available_reactions': [{'type': 'paid'}, {'type': 'custom_emoji', 'custom_emoji_id': '5384474046568092284'}, {'type': 'custom_emoji', 'custom_emoji_id': '5190458330719461749'}, {'type': 'custom_emoji', 'custom_emoji_id': '5316790180936431490'}, {'type': 'custom_emoji', 'custom_emoji_id': '5316924123786524990'}, {'type': 'custom_emoji', 'custom_emoji_id': '5316968838691043737'}, {'type': 'custom_emoji', 'custom_emoji_id': '5316630292188903702'}, {'type': 'custom_emoji', 'custom_emoji_id': '5316740183222140641'}, {'type': 'custom_emoji', 'custom_emoji_id': '5393333623501904108'}], 'max_reaction_count': 11, 'accent_color_id': 2, 'background_custom_emoji_id': '5361949382641990734', 'profile_background_custom_emoji_id': '5325915487496842326'}}

During handling of the above exception, another exception occurred:

Traceback (most recent call last):
  File "/home/userbegi/learnbot/venv/lib/python3.12/site-packages/aiogram/dispatcher/dispatcher.py", line 309, in _process_update
    response = await self.feed_update(bot, update, **kwargs)
               ^^^^^^^^^^^^^^^^^^^^^^^^^^^^^^^^^^^^^^^^^^^^^
  File "/home/userbegi/learnbot/venv/lib/python3.12/site-packages/aiogram/dispatcher/dispatcher.py", line 158, in feed_update
    response = await self.update.wrap_outer_middleware(
               ^^^^^^^^^^^^^^^^^^^^^^^^^^^^^^^^^^^^^^^^
  File "/home/userbegi/learnbot/venv/lib/python3.12/site-packages/aiogram/dispatcher/middlewares/error.py", line 25, in __call__
    return await handler(event, data)
           ^^^^^^^^^^^^^^^^^^^^^^^^^^
  File "/home/userbegi/learnbot/venv/lib/python3.12/site-packages/aiogram/dispatcher/middlewares/user_context.py", line 49, in __call__
    return await handler(event, data)
           ^^^^^^^^^^^^^^^^^^^^^^^^^^
  File "/home/userbegi/learnbot/venv/lib/python3.12/site-packages/aiogram/fsm/middleware.py", line 42, in __call__
    return await handler(event, data)
           ^^^^^^^^^^^^^^^^^^^^^^^^^^
  File "/home/userbegi/learnbot/venv/lib/python3.12/site-packages/aiogram/dispatcher/event/telegram.py", line 121, in trigger
    return await wrapped_inner(event, kwargs)
           ^^^^^^^^^^^^^^^^^^^^^^^^^^^^^^^^^^
  File "/home/userbegi/learnbot/venv/lib/python3.12/site-packages/aiogram/dispatcher/event/handler.py", line 43, in call
    return await wrapped()
           ^^^^^^^^^^^^^^^
  File "/home/userbegi/learnbot/venv/lib/python3.12/site-packages/aiogram/dispatcher/dispatcher.py", line 276, in _listen_update
    return await self.propagate_event(update_type=update_type, event=event, **kwargs)
           ^^^^^^^^^^^^^^^^^^^^^^^^^^^^^^^^^^^^^^^^^^^^^^^^^^^^^^^^^^^^^^^^^^^^^^^^^^
  File "/home/userbegi/learnbot/venv/lib/python3.12/site-packages/aiogram/dispatcher/router.py", line 142, in propagate_event
    return await observer.wrap_outer_middleware(_wrapped, event=event, data=kwargs)
           ^^^^^^^^^^^^^^^^^^^^^^^^^^^^^^^^^^^^^^^^^^^^^^^^^^^^^^^^^^^^^^^^^^^^^^^^
  File "/home/userbegi/learnbot/venv/lib/python3.12/site-packages/aiogram/dispatcher/router.py", line 137, in _wrapped
    return await self._propagate_event(
           ^^^^^^^^^^^^^^^^^^^^^^^^^^^^
  File "/home/userbegi/learnbot/venv/lib/python3.12/site-packages/aiogram/dispatcher/router.py", line 170, in _propagate_event
    response = await router.propagate_event(update_type=update_type, event=event, **kwargs)
               ^^^^^^^^^^^^^^^^^^^^^^^^^^^^^^^^^^^^^^^^^^^^^^^^^^^^^^^^^^^^^^^^^^^^^^^^^^^^
  File "/home/userbegi/learnbot/venv/lib/python3.12/site-packages/aiogram/dispatcher/router.py", line 142, in propagate_event
    return await observer.wrap_outer_middleware(_wrapped, event=event, data=kwargs)
           ^^^^^^^^^^^^^^^^^^^^^^^^^^^^^^^^^^^^^^^^^^^^^^^^^^^^^^^^^^^^^^^^^^^^^^^^
  File "/home/userbegi/learnbot/venv/lib/python3.12/site-packages/aiogram/dispatcher/router.py", line 137, in _wrapped
    return await self._propagate_event(
           ^^^^^^^^^^^^^^^^^^^^^^^^^^^^
  File "/home/userbegi/learnbot/venv/lib/python3.12/site-packages/aiogram/dispatcher/router.py", line 162, in _propagate_event
    response = await observer.trigger(event, **kwargs)
               ^^^^^^^^^^^^^^^^^^^^^^^^^^^^^^^^^^^^^^^
  File "/home/userbegi/learnbot/venv/lib/python3.12/site-packages/aiogram/dispatcher/event/telegram.py", line 121, in trigger
    return await wrapped_inner(event, kwargs)
           ^^^^^^^^^^^^^^^^^^^^^^^^^^^^^^^^^^
  File "/home/userbegi/learnbot/middlewares/throttle.py", line 26, in __call__
    return await handler(event, data)
           ^^^^^^^^^^^^^^^^^^^^^^^^^^
  File "/home/userbegi/learnbot/middlewares/auth.py", line 37, in __call__
    return await handler(event, data)
           ^^^^^^^^^^^^^^^^^^^^^^^^^^
  File "/home/userbegi/learnbot/venv/lib/python3.12/site-packages/aiogram/dispatcher/event/handler.py", line 43, in call
    return await wrapped()
           ^^^^^^^^^^^^^^^
  File "/home/userbegi/learnbot/handlers/admin_broadcast.py", line 143, in ch_public_id_received
    await message.answer(
  File "/home/userbegi/learnbot/venv/lib/python3.12/site-packages/aiogram/methods/base.py", line 84, in emit
    return await bot(self)
           ^^^^^^^^^^^^^^^
  File "/home/userbegi/learnbot/venv/lib/python3.12/site-packages/aiogram/client/bot.py", line 480, in __call__
    return await self.session(self, method, timeout=request_timeout)
           ^^^^^^^^^^^^^^^^^^^^^^^^^^^^^^^^^^^^^^^^^^^^^^^^^^^^^^^^^
  File "/home/userbegi/learnbot/venv/lib/python3.12/site-packages/aiogram/client/session/base.py", line 254, in __call__
    return cast(TelegramType, await middleware(bot, method))
                              ^^^^^^^^^^^^^^^^^^^^^^^^^^^^^
  File "/home/userbegi/learnbot/venv/lib/python3.12/site-packages/aiogram/client/session/aiohttp.py", line 178, in make_request
    response = self.check_response(
               ^^^^^^^^^^^^^^^^^^^^
  File "/home/userbegi/learnbot/venv/lib/python3.12/site-packages/aiogram/client/session/base.py", line 120, in check_response
    raise TelegramBadRequest(method=method, message=description)
aiogram.exceptions.TelegramBadRequest: Telegram server says - Bad Request: can't parse entities: Unsupported start tag "reactiontypetype.emoji:" at byte offset 255
2026-03-20 14:35:10,218 | WARNING | aiogram.dispatcher | Received SIGINT signal
2026-03-20 14:35:10,219 | INFO | aiogram.dispatcher | Polling stopped for bot @learnasawaken_bot id=8596279476 - 'Learn Bot'
2026-03-20 14:35:10,219 | INFO | aiogram.dispatcher | Polling stopped
2026-03-20 14:35:17,096 | INFO | __main__ | Starting LearnBot...
2026-03-20 14:35:17,097 | INFO | database.db | Database initialized successfully.
2026-03-20 14:35:18,256 | INFO | __main__ | Friday reward scheduler started.
2026-03-20 14:35:18,256 | INFO | __main__ | Bot started. Polling...
2026-03-20 14:35:18,258 | INFO | aiogram.dispatcher | Start polling
2026-03-20 14:35:18,258 | INFO | utils.scheduler | Next Friday reward in 12h 24m
2026-03-20 14:35:18,542 | INFO | aiogram.dispatcher | Run polling for bot @learnasawaken_bot id=8596279476 - 'Learn Bot'
2026-03-20 14:35:49,677 | INFO | aiogram.event | Update id=940454320 is handled. Duration 699 ms by bot id=8596279476
2026-03-20 14:35:58,184 | INFO | aiogram.event | Update id=940454321 is handled. Duration 210 ms by bot id=8596279476
2026-03-20 14:36:01,496 | INFO | aiogram.event | Update id=940454322 is handled. Duration 443 ms by bot id=8596279476
2026-03-20 14:36:04,134 | INFO | aiogram.event | Update id=940454323 is handled. Duration 419 ms by bot id=8596279476
2026-03-20 14:36:05,665 | INFO | aiogram.event | Update id=940454324 is handled. Duration 632 ms by bot id=8596279476
2026-03-20 14:36:06,773 | INFO | aiogram.event | Update id=940454325 is handled. Duration 410 ms by bot id=8596279476
2026-03-20 14:36:16,676 | INFO | aiogram.event | Update id=940454326 is handled. Duration 663 ms by bot id=8596279476
2026-03-20 14:36:19,973 | INFO | aiogram.event | Update id=940454327 is handled. Duration 626 ms by bot id=8596279476
2026-03-20 14:36:23,580 | INFO | aiogram.event | Update id=940454328 is handled. Duration 820 ms by bot id=8596279476
2026-03-20 14:36:24,812 | INFO | aiogram.event | Update id=940454329 is handled. Duration 393 ms by bot id=8596279476
2026-03-20 14:37:14,257 | ERROR | utils.safe_chat | safe_get_chat(-1003610368953): Bad Request: chat not found
2026-03-20 14:37:14,702 | INFO | aiogram.event | Update id=940454330 is handled. Duration 1004 ms by bot id=8596279476
2026-03-20 14:38:02,109 | ERROR | utils.safe_chat | safe_get_chat(-1003610368953): Bad Request: chat not found
2026-03-20 14:38:02,567 | INFO | aiogram.event | Update id=940454331 is handled. Duration 1093 ms by bot id=8596279476
2026-03-20 14:38:23,385 | INFO | aiogram.event | Update id=940454332 is handled. Duration 1658 ms by bot id=8596279476
2026-03-20 14:38:26,254 | INFO | aiogram.event | Update id=940454333 is handled. Duration 500 ms by bot id=8596279476
2026-03-20 14:38:37,311 | INFO | aiogram.event | Update id=940454334 is handled. Duration 2251 ms by bot id=8596279476
2026-03-20 14:38:45,665 | INFO | aiogram.event | Update id=940454335 is handled. Duration 1992 ms by bot id=8596279476
2026-03-20 14:39:02,098 | INFO | aiogram.event | Update id=940454336 is not handled. Duration 4 ms by bot id=8596279476
2026-03-20 14:39:17,251 | INFO | aiogram.event | Update id=940454337 is not handled. Duration 3 ms by bot id=8596279476
2026-03-20 14:42:59,579 | INFO | aiogram.event | Update id=940454338 is handled. Duration 2171 ms by bot id=8596279476
2026-03-20 14:43:06,010 | INFO | aiogram.event | Update id=940454339 is handled. Duration 178 ms by bot id=8596279476
2026-03-20 14:43:08,779 | INFO | aiogram.event | Update id=940454340 is handled. Duration 267 ms by bot id=8596279476
2026-03-20 14:43:09,866 | INFO | aiogram.event | Update id=940454341 is handled. Duration 170 ms by bot id=8596279476
2026-03-20 14:43:11,140 | INFO | aiogram.event | Update id=940454342 is handled. Duration 287 ms by bot id=8596279476
2026-03-20 14:43:12,564 | INFO | aiogram.event | Update id=940454343 is handled. Duration 204 ms by bot id=8596279476
2026-03-20 14:43:14,501 | INFO | aiogram.event | Update id=940454344 is handled. Duration 279 ms by bot id=8596279476
2026-03-20 14:43:16,444 | INFO | aiogram.event | Update id=940454345 is handled. Duration 181 ms by bot id=8596279476
2026-03-20 14:43:18,019 | INFO | aiogram.event | Update id=940454346 is handled. Duration 333 ms by bot id=8596279476
2026-03-20 14:43:21,576 | INFO | aiogram.event | Update id=940454347 is handled. Duration 206 ms by bot id=8596279476
2026-03-20 14:43:24,445 | INFO | aiogram.event | Update id=940454348 is handled. Duration 411 ms by bot id=8596279476
2026-03-20 14:43:27,104 | INFO | aiogram.event | Update id=940454349 is handled. Duration 204 ms by bot id=8596279476
2026-03-20 14:43:39,770 | INFO | aiogram.event | Update id=940454350 is handled. Duration 565 ms by bot id=8596279476
2026-03-20 14:43:45,535 | INFO | aiogram.event | Update id=940454351 is handled. Duration 588 ms by bot id=8596279476
2026-03-20 14:43:53,265 | INFO | aiogram.event | Update id=940454352 is handled. Duration 1482 ms by bot id=8596279476
2026-03-20 14:44:13,031 | INFO | aiogram.event | Update id=940454353 is handled. Duration 2099 ms by bot id=8596279476
2026-03-20 14:44:36,824 | WARNING | aiogram.dispatcher | Received SIGINT signal
2026-03-20 14:44:36,825 | INFO | aiogram.dispatcher | Polling stopped for bot @learnasawaken_bot id=8596279476 - 'Learn Bot'
2026-03-20 14:44:36,825 | INFO | aiogram.dispatcher | Polling stopped
2026-03-20 14:44:40,417 | INFO | __main__ | Starting LearnBot...
2026-03-20 14:44:40,418 | INFO | database.db | Database initialized successfully.
2026-03-20 14:44:41,252 | INFO | __main__ | Friday reward scheduler started.
2026-03-20 14:44:41,252 | INFO | __main__ | Bot started. Polling...
2026-03-20 14:44:41,253 | INFO | aiogram.dispatcher | Start polling
2026-03-20 14:44:41,253 | INFO | utils.scheduler | Next Friday reward in 12h 15m
2026-03-20 14:44:41,451 | INFO | aiogram.dispatcher | Run polling for bot @learnasawaken_bot id=8596279476 - 'Learn Bot'
2026-03-20 14:44:47,563 | INFO | aiogram.event | Update id=940454354 is handled. Duration 1441 ms by bot id=8596279476
2026-03-20 14:44:59,776 | INFO | aiogram.event | Update id=940454355 is handled. Duration 269 ms by bot id=8596279476
2026-03-20 14:45:02,503 | INFO | aiogram.event | Update id=940454356 is handled. Duration 372 ms by bot id=8596279476
2026-03-20 14:45:04,794 | INFO | aiogram.event | Update id=940454357 is handled. Duration 613 ms by bot id=8596279476
2026-03-20 14:45:07,253 | INFO | aiogram.event | Update id=940454358 is handled. Duration 786 ms by bot id=8596279476
2026-03-20 14:45:08,680 | INFO | aiogram.event | Update id=940454359 is handled. Duration 451 ms by bot id=8596279476
2026-03-20 14:45:10,528 | INFO | aiogram.event | Update id=940454360 is handled. Duration 613 ms by bot id=8596279476
2026-03-20 14:45:35,316 | INFO | aiogram.event | Update id=940454361 is handled. Duration 1030 ms by bot id=8596279476
2026-03-20 14:45:37,357 | INFO | aiogram.event | Update id=940454362 is handled. Duration 204 ms by bot id=8596279476
2026-03-20 14:45:40,428 | INFO | aiogram.event | Update id=940454363 is handled. Duration 700 ms by bot id=8596279476
2026-03-20 14:45:41,464 | INFO | aiogram.event | Update id=940454364 is handled. Duration 420 ms by bot id=8596279476
2026-03-20 14:45:42,886 | INFO | aiogram.event | Update id=940454365 is handled. Duration 817 ms by bot id=8596279476
2026-03-20 14:45:45,255 | INFO | aiogram.event | Update id=940454366 is handled. Duration 715 ms by bot id=8596279476
2026-03-20 14:45:47,802 | INFO | aiogram.event | Update id=940454367 is handled. Duration 612 ms by bot id=8596279476
2026-03-20 14:45:49,444 | INFO | aiogram.event | Update id=940454368 is handled. Duration 412 ms by bot id=8596279476
2026-03-20 14:45:52,308 | INFO | aiogram.event | Update id=940454369 is handled. Duration 512 ms by bot id=8596279476
2026-03-20 14:46:02,780 | INFO | aiogram.event | Update id=940454370 is handled. Duration 639 ms by bot id=8596279476
2026-03-20 14:46:04,595 | INFO | aiogram.event | Update id=940454371 is handled. Duration 407 ms by bot id=8596279476
2026-03-20 14:46:10,940 | INFO | aiogram.event | Update id=940454372 is handled. Duration 1240 ms by bot id=8596279476
2026-03-20 14:46:59,084 | INFO | aiogram.event | Update id=940454373 is handled. Duration 788 ms by bot id=8596279476
2026-03-20 14:47:15,251 | INFO | aiogram.event | Update id=940454374 is handled. Duration 818 ms by bot id=8596279476
2026-03-20 14:47:34,413 | INFO | aiogram.event | Update id=940454375 is handled. Duration 538 ms by bot id=8596279476
2026-03-20 14:47:42,762 | INFO | aiogram.event | Update id=940454376 is handled. Duration 1095 ms by bot id=8596279476
2026-03-20 14:47:54,831 | INFO | aiogram.event | Update id=940454377 is handled. Duration 217 ms by bot id=8596279476
2026-03-20 14:48:00,680 | INFO | aiogram.event | Update id=940454378 is handled. Duration 179 ms by bot id=8596279476
2026-03-20 14:48:10,713 | INFO | aiogram.event | Update id=940454379 is handled. Duration 369 ms by bot id=8596279476
2026-03-20 14:48:13,703 | INFO | aiogram.event | Update id=940454380 is handled. Duration 442 ms by bot id=8596279476
2026-03-20 14:48:15,900 | INFO | aiogram.event | Update id=940454381 is handled. Duration 438 ms by bot id=8596279476
2026-03-20 14:48:21,621 | INFO | aiogram.event | Update id=940454382 is handled. Duration 1549 ms by bot id=8596279476
2026-03-20 14:54:57,567 | WARNING | aiogram.dispatcher | Received SIGINT signal
2026-03-20 14:54:57,573 | INFO | aiogram.dispatcher | Polling stopped for bot @learnasawaken_bot id=8596279476 - 'Learn Bot'
2026-03-20 14:54:57,573 | INFO | aiogram.dispatcher | Polling stopped
2026-03-20 14:55:01,139 | INFO | __main__ | Starting LearnBot...
2026-03-20 14:55:01,140 | INFO | database.db | Database initialized successfully.
2026-03-20 14:55:02,211 | INFO | __main__ | Friday reward scheduler started.
2026-03-20 14:55:02,211 | INFO | __main__ | Bot started. Polling...
2026-03-20 14:55:02,212 | INFO | aiogram.dispatcher | Start polling
2026-03-20 14:55:02,212 | INFO | utils.scheduler | Next Friday reward in 12h 4m
2026-03-20 14:55:02,410 | INFO | aiogram.dispatcher | Run polling for bot @learnasawaken_bot id=8596279476 - 'Learn Bot'
2026-03-20 14:55:05,472 | INFO | aiogram.event | Update id=940454383 is handled. Duration 1554 ms by bot id=8596279476
2026-03-20 14:55:17,521 | INFO | aiogram.event | Update id=940454384 is handled. Duration 369 ms by bot id=8596279476
2026-03-20 14:55:19,260 | INFO | aiogram.event | Update id=940454385 is handled. Duration 372 ms by bot id=8596279476
2026-03-20 14:55:22,184 | INFO | aiogram.event | Update id=940454386 is handled. Duration 727 ms by bot id=8596279476
2026-03-20 14:55:23,091 | INFO | aiogram.event | Update id=940454387 is handled. Duration 408 ms by bot id=8596279476
2026-03-20 14:55:25,139 | INFO | aiogram.event | Update id=940454388 is handled. Duration 614 ms by bot id=8596279476
2026-03-20 14:55:28,619 | INFO | aiogram.event | Update id=940454389 is handled. Duration 715 ms by bot id=8596279476
2026-03-20 14:55:31,081 | INFO | aiogram.event | Update id=940454390 is handled. Duration 822 ms by bot id=8596279476
2026-03-20 14:55:44,852 | INFO | aiogram.event | Update id=940454391 is handled. Duration 670 ms by bot id=8596279476
2026-03-20 14:56:31,904 | INFO | aiogram.event | Update id=940454392 is handled. Duration 818 ms by bot id=8596279476
2026-03-20 14:56:34,339 | INFO | aiogram.event | Update id=940454393 is handled. Duration 429 ms by bot id=8596279476
2026-03-20 14:56:40,500 | INFO | aiogram.event | Update id=940454394 is handled. Duration 812 ms by bot id=8596279476
2026-03-20 14:57:03,700 | INFO | aiogram.event | Update id=940454395 is not handled. Duration 14 ms by bot id=8596279476
2026-03-20 14:57:07,544 | INFO | aiogram.event | Update id=940454396 is handled. Duration 1231 ms by bot id=8596279476
2026-03-20 14:57:08,973 | INFO | aiogram.event | Update id=940454397 is handled. Duration 500 ms by bot id=8596279476
2026-03-20 14:57:24,067 | INFO | aiogram.event | Update id=940454398 is handled. Duration 1171 ms by bot id=8596279476
2026-03-20 14:57:47,477 | INFO | aiogram.event | Update id=940454399 is handled. Duration 1588 ms by bot id=8596279476
2026-03-20 14:57:49,145 | INFO | aiogram.event | Update id=940454400 is handled. Duration 443 ms by bot id=8596279476
2026-03-20 14:58:01,910 | INFO | aiogram.event | Update id=940454401 is handled. Duration 1443 ms by bot id=8596279476
2026-03-20 14:58:09,575 | INFO | aiogram.event | Update id=940454402 is handled. Duration 1412 ms by bot id=8596279476
2026-03-20 14:58:26,403 | INFO | aiogram.event | Update id=940454403 is not handled. Duration 12 ms by bot id=8596279476
2026-03-20 15:05:15,115 | WARNING | aiogram.dispatcher | Received SIGINT signal
2026-03-20 15:05:15,116 | INFO | aiogram.dispatcher | Polling stopped for bot @learnasawaken_bot id=8596279476 - 'Learn Bot'
2026-03-20 15:05:15,116 | INFO | aiogram.dispatcher | Polling stopped
2026-03-20 15:05:18,572 | INFO | __main__ | Starting LearnBot...
2026-03-20 15:05:18,573 | INFO | database.db | Database initialized successfully.
2026-03-20 15:05:19,484 | INFO | __main__ | Friday reward scheduler started.
2026-03-20 15:05:19,484 | INFO | __main__ | Bot started. Polling...
2026-03-20 15:05:19,485 | INFO | aiogram.dispatcher | Start polling
2026-03-20 15:05:19,486 | INFO | utils.scheduler | Next Friday reward in 11h 54m
2026-03-20 15:05:19,714 | INFO | aiogram.dispatcher | Run polling for bot @learnasawaken_bot id=8596279476 - 'Learn Bot'
2026-03-20 15:05:29,130 | INFO | aiogram.event | Update id=940454404 is handled. Duration 1651 ms by bot id=8596279476
2026-03-20 15:06:47,337 | INFO | aiogram.event | Update id=940454405 is handled. Duration 818 ms by bot id=8596279476
2026-03-20 15:06:48,799 | INFO | aiogram.event | Update id=940454406 is handled. Duration 157 ms by bot id=8596279476
2026-03-20 15:06:50,410 | INFO | aiogram.event | Update id=940454407 is handled. Duration 204 ms by bot id=8596279476
2026-03-20 15:06:51,670 | INFO | aiogram.event | Update id=940454408 is handled. Duration 235 ms by bot id=8596279476
2026-03-20 15:06:53,239 | INFO | aiogram.event | Update id=940454409 is handled. Duration 166 ms by bot id=8596279476
2026-03-20 15:06:54,749 | INFO | aiogram.event | Update id=940454410 is handled. Duration 439 ms by bot id=8596279476
2026-03-20 15:07:00,700 | INFO | aiogram.event | Update id=940454411 is handled. Duration 230 ms by bot id=8596279476
2026-03-20 15:07:02,493 | INFO | aiogram.event | Update id=940454412 is handled. Duration 204 ms by bot id=8596279476
2026-03-20 15:07:08,627 | INFO | aiogram.event | Update id=940454413 is handled. Duration 676 ms by bot id=8596279476
2026-03-20 15:07:10,665 | INFO | aiogram.event | Update id=940454414 is handled. Duration 389 ms by bot id=8596279476
2026-03-20 15:07:20,233 | INFO | aiogram.event | Update id=940454415 is handled. Duration 180 ms by bot id=8596279476
2026-03-20 15:10:55,947 | INFO | aiogram.event | Update id=940454416 is handled. Duration 1191 ms by bot id=8596279476
2026-03-20 15:11:04,164 | INFO | aiogram.event | Update id=940454417 is handled. Duration 607 ms by bot id=8596279476
2026-03-20 15:11:05,978 | INFO | aiogram.event | Update id=940454418 is handled. Duration 589 ms by bot id=8596279476
2026-03-20 15:11:07,220 | INFO | aiogram.event | Update id=940454419 is handled. Duration 343 ms by bot id=8596279476
2026-03-20 15:11:08,871 | INFO | aiogram.event | Update id=940454420 is handled. Duration 408 ms by bot id=8596279476
2026-03-20 15:11:11,123 | INFO | aiogram.event | Update id=940454421 is handled. Duration 817 ms by bot id=8596279476
2026-03-20 15:11:12,504 | INFO | aiogram.event | Update id=940454422 is handled. Duration 469 ms by bot id=8596279476
2026-03-20 15:11:14,608 | INFO | aiogram.event | Update id=940454423 is handled. Duration 617 ms by bot id=8596279476
2026-03-20 15:11:18,087 | INFO | aiogram.event | Update id=940454424 is handled. Duration 1228 ms by bot id=8596279476
2026-03-20 15:11:41,434 | INFO | aiogram.event | Update id=940454425 is handled. Duration 818 ms by bot id=8596279476
2026-03-20 15:11:57,709 | INFO | aiogram.event | Update id=940454426 is handled. Duration 902 ms by bot id=8596279476
2026-03-20 15:12:03,126 | INFO | aiogram.event | Update id=940454427 is handled. Duration 1015 ms by bot id=8596279476
2026-03-20 15:12:23,635 | INFO | aiogram.event | Update id=940454428 is handled. Duration 1238 ms by bot id=8596279476
2026-03-20 15:12:25,261 | INFO | aiogram.event | Update id=940454429 is handled. Duration 613 ms by bot id=8596279476
2026-03-20 15:12:29,357 | INFO | aiogram.event | Update id=940454430 is handled. Duration 407 ms by bot id=8596279476
2026-03-20 15:12:31,410 | INFO | aiogram.event | Update id=940454431 is handled. Duration 616 ms by bot id=8596279476
2026-03-20 15:12:32,436 | INFO | aiogram.event | Update id=940454432 is handled. Duration 415 ms by bot id=8596279476
2026-03-20 15:12:36,432 | INFO | aiogram.event | Update id=940454433 is handled. Duration 619 ms by bot id=8596279476
2026-03-20 15:12:37,729 | INFO | aiogram.event | Update id=940454434 is handled. Duration 383 ms by bot id=8596279476
2026-03-20 15:12:38,912 | INFO | aiogram.event | Update id=940454435 is handled. Duration 316 ms by bot id=8596279476
2026-03-20 15:12:41,675 | INFO | aiogram.event | Update id=940454436 is handled. Duration 745 ms by bot id=8596279476
2026-03-20 15:12:49,155 | INFO | aiogram.event | Update id=940454437 is handled. Duration 340 ms by bot id=8596279476
2026-03-20 15:12:54,448 | INFO | aiogram.event | Update id=940454438 is handled. Duration 614 ms by bot id=8596279476
2026-03-20 15:12:56,017 | INFO | aiogram.event | Update id=940454439 is handled. Duration 648 ms by bot id=8596279476
2026-03-20 15:12:59,053 | INFO | aiogram.event | Update id=940454440 is handled. Duration 408 ms by bot id=8596279476
2026-03-20 15:13:02,950 | INFO | aiogram.event | Update id=940454441 is handled. Duration 514 ms by bot id=8596279476
2026-03-20 15:13:04,554 | INFO | aiogram.event | Update id=940454442 is handled. Duration 438 ms by bot id=8596279476
2026-03-20 15:13:05,653 | INFO | aiogram.event | Update id=940454443 is handled. Duration 418 ms by bot id=8596279476
2026-03-20 15:13:07,275 | INFO | aiogram.event | Update id=940454444 is handled. Duration 640 ms by bot id=8596279476
2026-03-20 15:13:08,679 | INFO | aiogram.event | Update id=940454445 is handled. Duration 600 ms by bot id=8596279476
2026-03-20 15:13:10,032 | INFO | aiogram.event | Update id=940454446 is handled. Duration 532 ms by bot id=8596279476
2026-03-20 15:13:16,258 | INFO | aiogram.event | Update id=940454447 is handled. Duration 409 ms by bot id=8596279476
2026-03-20 15:21:41,139 | WARNING | aiogram.dispatcher | Received SIGINT signal
2026-03-20 15:21:41,140 | INFO | aiogram.dispatcher | Polling stopped for bot @learnasawaken_bot id=8596279476 - 'Learn Bot'
2026-03-20 15:21:41,140 | INFO | aiogram.dispatcher | Polling stopped
2026-03-20 15:21:44,073 | INFO | __main__ | Starting LearnBot...
2026-03-20 15:21:44,074 | INFO | database.db | Database initialized successfully.
2026-03-20 15:21:45,406 | INFO | __main__ | Schedulers started: friday rewards + reminders.
2026-03-20 15:21:45,406 | INFO | __main__ | Bot started. Polling...
2026-03-20 15:21:45,407 | INFO | aiogram.dispatcher | Start polling
2026-03-20 15:21:45,408 | INFO | utils.scheduler | Next Friday reward in 11h 38m
2026-03-20 15:21:45,706 | INFO | aiogram.dispatcher | Run polling for bot @learnasawaken_bot id=8596279476 - 'Learn Bot'
2026-03-20 15:21:57,094 | INFO | aiogram.event | Update id=940454448 is handled. Duration 1403 ms by bot id=8596279476
2026-03-20 15:22:00,985 | INFO | aiogram.event | Update id=940454449 is handled. Duration 637 ms by bot id=8596279476
2026-03-20 15:22:12,633 | INFO | aiogram.event | Update id=940454450 is handled. Duration 709 ms by bot id=8596279476
2026-03-20 15:22:18,390 | INFO | aiogram.event | Update id=940454451 is handled. Duration 691 ms by bot id=8596279476
2026-03-20 15:22:24,513 | INFO | aiogram.event | Update id=940454452 is handled. Duration 818 ms by bot id=8596279476
2026-03-20 15:22:27,772 | INFO | aiogram.event | Update id=940454453 is handled. Duration 186 ms by bot id=8596279476
2026-03-20 15:22:29,499 | INFO | aiogram.event | Update id=940454454 is handled. Duration 424 ms by bot id=8596279476
2026-03-20 15:22:31,685 | INFO | aiogram.event | Update id=940454455 is handled. Duration 617 ms by bot id=8596279476
2026-03-20 15:22:42,333 | INFO | aiogram.event | Update id=940454456 is handled. Duration 730 ms by bot id=8596279476
2026-03-20 15:22:47,323 | INFO | aiogram.event | Update id=940454457 is handled. Duration 353 ms by bot id=8596279476
2026-03-20 15:22:51,546 | INFO | aiogram.event | Update id=940454458 is handled. Duration 409 ms by bot id=8596279476
2026-03-20 15:23:05,067 | INFO | aiogram.event | Update id=940454459 is handled. Duration 411 ms by bot id=8596279476
2026-03-20 15:23:10,749 | INFO | aiogram.event | Update id=940454460 is handled. Duration 767 ms by bot id=8596279476
2026-03-20 15:23:16,119 | INFO | aiogram.event | Update id=940454461 is handled. Duration 1205 ms by bot id=8596279476
2026-03-20 15:23:22,082 | INFO | aiogram.event | Update id=940454462 is handled. Duration 429 ms by bot id=8596279476
2026-03-20 15:23:24,160 | INFO | aiogram.event | Update id=940454463 is handled. Duration 662 ms by bot id=8596279476
2026-03-20 15:23:26,157 | INFO | aiogram.event | Update id=940454464 is handled. Duration 482 ms by bot id=8596279476
2026-03-20 15:23:33,120 | INFO | aiogram.event | Update id=940454465 is handled. Duration 408 ms by bot id=8596279476
2026-03-20 15:23:37,934 | INFO | aiogram.event | Update id=940454466 is handled. Duration 307 ms by bot id=8596279476
2026-03-20 15:23:44,794 | INFO | aiogram.event | Update id=940454467 is handled. Duration 409 ms by bot id=8596279476
2026-03-20 15:23:49,553 | INFO | aiogram.event | Update id=940454468 is handled. Duration 190 ms by bot id=8596279476
2026-03-20 15:23:52,986 | INFO | aiogram.event | Update id=940454469 is handled. Duration 408 ms by bot id=8596279476
2026-03-20 15:23:55,125 | INFO | aiogram.event | Update id=940454470 is handled. Duration 233 ms by bot id=8596279476
2026-03-20 15:23:59,719 | INFO | aiogram.event | Update id=940454471 is handled. Duration 490 ms by bot id=8596279476
2026-03-20 15:24:11,213 | INFO | aiogram.event | Update id=940454472 is handled. Duration 204 ms by bot id=8596279476
2026-03-20 15:24:19,282 | INFO | aiogram.event | Update id=940454473 is handled. Duration 439 ms by bot id=8596279476
2026-03-20 15:24:22,681 | INFO | aiogram.event | Update id=940454474 is handled. Duration 202 ms by bot id=8596279476
2026-03-20 15:24:26,761 | INFO | aiogram.event | Update id=940454475 is handled. Duration 437 ms by bot id=8596279476
2026-03-20 15:24:32,312 | INFO | aiogram.event | Update id=940454476 is handled. Duration 207 ms by bot id=8596279476
2026-03-20 15:24:35,379 | INFO | aiogram.event | Update id=940454477 is handled. Duration 613 ms by bot id=8596279476
2026-03-20 15:24:37,010 | INFO | aiogram.event | Update id=940454478 is handled. Duration 331 ms by bot id=8596279476
2026-03-20 15:24:39,270 | INFO | aiogram.event | Update id=940454479 is handled. Duration 407 ms by bot id=8596279476
2026-03-20 15:24:40,705 | INFO | aiogram.event | Update id=940454480 is handled. Duration 715 ms by bot id=8596279476
2026-03-20 15:24:41,524 | INFO | aiogram.event | Update id=940454481 is handled. Duration 408 ms by bot id=8596279476
2026-03-20 15:24:43,166 | INFO | aiogram.event | Update id=940454482 is handled. Duration 822 ms by bot id=8596279476
2026-03-20 15:24:43,921 | INFO | aiogram.event | Update id=940454483 is handled. Duration 348 ms by bot id=8596279476
2026-03-20 15:24:47,258 | INFO | aiogram.event | Update id=940454484 is handled. Duration 408 ms by bot id=8596279476
2026-03-20 15:24:51,575 | INFO | aiogram.event | Update id=940454485 is handled. Duration 307 ms by bot id=8596279476
2026-03-20 15:29:46,881 | INFO | aiogram.event | Update id=940454486 is handled. Duration 818 ms by bot id=8596279476
2026-03-20 15:29:51,927 | INFO | aiogram.event | Update id=940454487 is handled. Duration 334 ms by bot id=8596279476
2026-03-20 15:30:25,183 | INFO | aiogram.event | Update id=940454488 is handled. Duration 1028 ms by bot id=8596279476
2026-03-20 15:30:46,219 | INFO | aiogram.event | Update id=940454489 is handled. Duration 969 ms by bot id=8596279476
2026-03-20 15:31:52,483 | INFO | aiogram.event | Update id=940454490 is handled. Duration 1082 ms by bot id=8596279476
2026-03-20 15:31:53,537 | INFO | aiogram.event | Update id=940454491 is handled. Duration 339 ms by bot id=8596279476
2026-03-20 15:31:54,686 | INFO | aiogram.event | Update id=940454492 is handled. Duration 415 ms by bot id=8596279476
2026-03-20 15:31:55,722 | INFO | aiogram.event | Update id=940454493 is handled. Duration 385 ms by bot id=8596279476
2026-03-20 15:32:52,459 | INFO | aiogram.event | Update id=940454494 is handled. Duration 1271 ms by bot id=8596279476
2026-03-20 15:32:53,694 | INFO | aiogram.event | Update id=940454495 is handled. Duration 238 ms by bot id=8596279476
2026-03-20 15:32:56,144 | INFO | aiogram.event | Update id=940454496 is handled. Duration 525 ms by bot id=8596279476
2026-03-20 15:32:57,771 | INFO | aiogram.event | Update id=940454497 is handled. Duration 1014 ms by bot id=8596279476
2026-03-20 15:32:58,982 | INFO | aiogram.event | Update id=940454498 is handled. Duration 1176 ms by bot id=8596279476
2026-03-20 15:33:04,516 | INFO | aiogram.event | Update id=940454499 is handled. Duration 1026 ms by bot id=8596279476
2026-03-20 15:33:16,801 | INFO | aiogram.event | Update id=940454500 is handled. Duration 408 ms by bot id=8596279476
2026-03-20 15:33:28,271 | INFO | aiogram.event | Update id=940454501 is handled. Duration 307 ms by bot id=8596279476
2026-03-20 15:33:46,293 | INFO | aiogram.event | Update id=940454502 is handled. Duration 1023 ms by bot id=8596279476
2026-03-20 15:33:59,714 | INFO | aiogram.event | Update id=940454503 is handled. Duration 313 ms by bot id=8596279476
2026-03-20 15:34:05,589 | INFO | aiogram.event | Update id=940454504 is handled. Duration 211 ms by bot id=8596279476
2026-03-20 15:34:49,168 | INFO | aiogram.event | Update id=940454505 is handled. Duration 1072 ms by bot id=8596279476
2026-03-20 15:35:03,882 | INFO | aiogram.event | Update id=940454506 is handled. Duration 1197 ms by bot id=8596279476
2026-03-20 15:35:35,655 | INFO | utils.scheduler | Friday rewards given. Winners: 2. Broadcast: 2/2
2026-03-20 15:35:35,859 | INFO | aiogram.event | Update id=940454507 is handled. Duration 2299 ms by bot id=8596279476
2026-03-20 15:35:47,737 | INFO | aiogram.event | Update id=940454508 is handled. Duration 1600 ms by bot id=8596279476
2026-03-20 15:35:55,119 | INFO | aiogram.event | Update id=940454509 is handled. Duration 194 ms by bot id=8596279476
2026-03-20 15:36:00,027 | INFO | aiogram.event | Update id=940454510 is handled. Duration 703 ms by bot id=8596279476
2026-03-20 15:36:02,845 | INFO | aiogram.event | Update id=940454511 is handled. Duration 212 ms by bot id=8596279476
2026-03-20 15:36:10,192 | INFO | aiogram.event | Update id=940454512 is handled. Duration 187 ms by bot id=8596279476
2026-03-20 15:36:26,220 | INFO | aiogram.event | Update id=940454513 is handled. Duration 774 ms by bot id=8596279476
2026-03-20 15:36:41,212 | INFO | aiogram.event | Update id=940454514 is not handled. Duration 20 ms by bot id=8596279476
2026-03-20 15:36:43,109 | INFO | aiogram.event | Update id=940454515 is not handled. Duration 18 ms by bot id=8596279476
2026-03-20 15:45:42,687 | INFO | aiogram.event | Update id=940454516 is handled. Duration 1040 ms by bot id=8596279476
2026-03-20 15:46:01,323 | INFO | aiogram.event | Update id=940454517 is handled. Duration 991 ms by bot id=8596279476
2026-03-20 15:46:04,397 | INFO | aiogram.event | Update id=940454518 is handled. Duration 617 ms by bot id=8596279476
2026-03-20 15:46:06,035 | INFO | aiogram.event | Update id=940454519 is handled. Duration 757 ms by bot id=8596279476
2026-03-20 15:46:17,911 | INFO | aiogram.event | Update id=940454520 is handled. Duration 183 ms by bot id=8596279476
2026-03-20 15:46:19,726 | INFO | aiogram.event | Update id=940454521 is handled. Duration 382 ms by bot id=8596279476
2026-03-20 15:46:20,805 | INFO | aiogram.event | Update id=940454522 is handled. Duration 437 ms by bot id=8596279476
2026-03-20 15:46:22,620 | INFO | aiogram.event | Update id=940454523 is handled. Duration 1171 ms by bot id=8596279476
2026-03-20 15:46:25,646 | INFO | aiogram.event | Update id=940454524 is handled. Duration 784 ms by bot id=8596279476
2026-03-20 15:46:29,362 | INFO | aiogram.event | Update id=940454525 is handled. Duration 188 ms by bot id=8596279476
2026-03-20 15:49:24,197 | WARNING | aiogram.dispatcher | Received SIGINT signal
2026-03-20 15:49:24,197 | INFO | aiogram.dispatcher | Polling stopped for bot @learnasawaken_bot id=8596279476 - 'Learn Bot'
2026-03-20 15:49:24,198 | INFO | aiogram.dispatcher | Polling stopped
2026-03-20 15:59:16,109 | INFO | __main__ | Starting LearnBot...
2026-03-20 15:59:16,117 | INFO | database.db | Database initialized.
2026-03-20 15:59:16,915 | INFO | __main__ | Schedulers started: friday rewards + reminders.
2026-03-20 15:59:16,915 | INFO | __main__ | Bot started. Polling...
2026-03-20 15:59:16,916 | INFO | aiogram.dispatcher | Start polling
2026-03-20 15:59:16,916 | INFO | utils.scheduler | Next Friday reward in 11h 0m
2026-03-20 15:59:17,172 | INFO | aiogram.dispatcher | Run polling for bot @learnasawaken_bot id=8596279476 - 'Learn Bot'
2026-03-20 15:59:34,541 | INFO | aiogram.event | Update id=940454527 is handled. Duration 977 ms by bot id=8596279476
2026-03-20 15:59:39,909 | INFO | aiogram.event | Update id=940454528 is handled. Duration 215 ms by bot id=8596279476
2026-03-20 15:59:57,694 | INFO | aiogram.event | Update id=940454529 is handled. Duration 784 ms by bot id=8596279476
2026-03-20 16:00:05,715 | INFO | aiogram.event | Update id=940454530 is handled. Duration 581 ms by bot id=8596279476
2026-03-20 16:00:07,775 | INFO | aiogram.event | Update id=940454531 is handled. Duration 216 ms by bot id=8596279476
2026-03-20 16:00:09,402 | INFO | aiogram.event | Update id=940454532 is handled. Duration 205 ms by bot id=8596279476
2026-03-20 16:00:15,922 | INFO | aiogram.event | Update id=940454533 is handled. Duration 408 ms by bot id=8596279476
2026-03-20 16:00:17,453 | INFO | aiogram.event | Update id=940454534 is handled. Duration 189 ms by bot id=8596279476
2026-03-20 16:00:19,211 | INFO | aiogram.event | Update id=940454535 is handled. Duration 574 ms by bot id=8596279476
2026-03-20 16:00:21,145 | INFO | aiogram.event | Update id=940454536 is handled. Duration 553 ms by bot id=8596279476
2026-03-20 16:00:23,905 | INFO | aiogram.event | Update id=940454537 is handled. Duration 186 ms by bot id=8596279476
2026-03-20 16:00:26,253 | INFO | aiogram.event | Update id=940454538 is handled. Duration 230 ms by bot id=8596279476
2026-03-20 16:00:32,091 | INFO | aiogram.event | Update id=940454539 is handled. Duration 364 ms by bot id=8596279476
2026-03-20 16:00:36,230 | INFO | aiogram.event | Update id=940454540 is handled. Duration 694 ms by bot id=8596279476
2026-03-20 16:00:42,971 | INFO | aiogram.event | Update id=940454541 is handled. Duration 438 ms by bot id=8596279476
2026-03-20 16:00:50,157 | INFO | aiogram.event | Update id=940454542 is handled. Duration 581 ms by bot id=8596279476
2026-03-20 16:00:54,252 | INFO | aiogram.event | Update id=940454543 is handled. Duration 503 ms by bot id=8596279476
2026-03-20 16:00:58,576 | INFO | aiogram.event | Update id=940454544 is handled. Duration 512 ms by bot id=8596279476
2026-03-20 16:01:01,698 | INFO | aiogram.event | Update id=940454545 is handled. Duration 436 ms by bot id=8596279476
2026-03-20 16:01:07,178 | INFO | aiogram.event | Update id=940454546 is handled. Duration 399 ms by bot id=8596279476
2026-03-20 16:01:16,576 | INFO | aiogram.event | Update id=940454547 is handled. Duration 810 ms by bot id=8596279476
2026-03-20 16:01:18,042 | INFO | aiogram.event | Update id=940454548 is handled. Duration 440 ms by bot id=8596279476
2026-03-20 16:01:21,287 | INFO | aiogram.event | Update id=940454549 is handled. Duration 409 ms by bot id=8596279476
2026-03-20 16:01:23,336 | INFO | aiogram.event | Update id=940454550 is handled. Duration 612 ms by bot id=8596279476
2026-03-20 16:01:32,375 | INFO | aiogram.event | Update id=940454551 is not handled. Duration 25 ms by bot id=8596279476
2026-03-20 16:01:32,376 | ERROR | aiogram.event | Cause exception while process update id=940454551 by bot id=8596279476
ValidationError: 1 validation error for EditMessageText
inline_message_id
  Input should be a valid string [type=string_type, input_value=InlineKeyboardMarkup(inli..._game=None, pay=None)]]), input_type=InlineKeyboardMarkup]
    For further information visit https://errors.pydantic.dev/2.7/v/string_type
Traceback (most recent call last):
  File "/home/userbegi/learnbot/venv/lib/python3.12/site-packages/aiogram/dispatcher/dispatcher.py", line 309, in _process_update
    response = await self.feed_update(bot, update, **kwargs)
               ^^^^^^^^^^^^^^^^^^^^^^^^^^^^^^^^^^^^^^^^^^^^^
  File "/home/userbegi/learnbot/venv/lib/python3.12/site-packages/aiogram/dispatcher/dispatcher.py", line 158, in feed_update
    response = await self.update.wrap_outer_middleware(
               ^^^^^^^^^^^^^^^^^^^^^^^^^^^^^^^^^^^^^^^^
  File "/home/userbegi/learnbot/venv/lib/python3.12/site-packages/aiogram/dispatcher/middlewares/error.py", line 25, in __call__
    return await handler(event, data)
           ^^^^^^^^^^^^^^^^^^^^^^^^^^
  File "/home/userbegi/learnbot/venv/lib/python3.12/site-packages/aiogram/dispatcher/middlewares/user_context.py", line 49, in __call__
    return await handler(event, data)
           ^^^^^^^^^^^^^^^^^^^^^^^^^^
  File "/home/userbegi/learnbot/venv/lib/python3.12/site-packages/aiogram/fsm/middleware.py", line 42, in __call__
    return await handler(event, data)
           ^^^^^^^^^^^^^^^^^^^^^^^^^^
  File "/home/userbegi/learnbot/venv/lib/python3.12/site-packages/aiogram/dispatcher/event/telegram.py", line 121, in trigger
    return await wrapped_inner(event, kwargs)
           ^^^^^^^^^^^^^^^^^^^^^^^^^^^^^^^^^^
  File "/home/userbegi/learnbot/venv/lib/python3.12/site-packages/aiogram/dispatcher/event/handler.py", line 43, in call
    return await wrapped()
           ^^^^^^^^^^^^^^^
  File "/home/userbegi/learnbot/venv/lib/python3.12/site-packages/aiogram/dispatcher/dispatcher.py", line 276, in _listen_update
    return await self.propagate_event(update_type=update_type, event=event, **kwargs)
           ^^^^^^^^^^^^^^^^^^^^^^^^^^^^^^^^^^^^^^^^^^^^^^^^^^^^^^^^^^^^^^^^^^^^^^^^^^
  File "/home/userbegi/learnbot/venv/lib/python3.12/site-packages/aiogram/dispatcher/router.py", line 142, in propagate_event
    return await observer.wrap_outer_middleware(_wrapped, event=event, data=kwargs)
           ^^^^^^^^^^^^^^^^^^^^^^^^^^^^^^^^^^^^^^^^^^^^^^^^^^^^^^^^^^^^^^^^^^^^^^^^
  File "/home/userbegi/learnbot/venv/lib/python3.12/site-packages/aiogram/dispatcher/router.py", line 137, in _wrapped
    return await self._propagate_event(
           ^^^^^^^^^^^^^^^^^^^^^^^^^^^^
  File "/home/userbegi/learnbot/venv/lib/python3.12/site-packages/aiogram/dispatcher/router.py", line 170, in _propagate_event
    response = await router.propagate_event(update_type=update_type, event=event, **kwargs)
               ^^^^^^^^^^^^^^^^^^^^^^^^^^^^^^^^^^^^^^^^^^^^^^^^^^^^^^^^^^^^^^^^^^^^^^^^^^^^
  File "/home/userbegi/learnbot/venv/lib/python3.12/site-packages/aiogram/dispatcher/router.py", line 142, in propagate_event
    return await observer.wrap_outer_middleware(_wrapped, event=event, data=kwargs)
           ^^^^^^^^^^^^^^^^^^^^^^^^^^^^^^^^^^^^^^^^^^^^^^^^^^^^^^^^^^^^^^^^^^^^^^^^
  File "/home/userbegi/learnbot/venv/lib/python3.12/site-packages/aiogram/dispatcher/router.py", line 137, in _wrapped
    return await self._propagate_event(
           ^^^^^^^^^^^^^^^^^^^^^^^^^^^^
  File "/home/userbegi/learnbot/venv/lib/python3.12/site-packages/aiogram/dispatcher/router.py", line 162, in _propagate_event
    response = await observer.trigger(event, **kwargs)
               ^^^^^^^^^^^^^^^^^^^^^^^^^^^^^^^^^^^^^^^
  File "/home/userbegi/learnbot/venv/lib/python3.12/site-packages/aiogram/dispatcher/event/telegram.py", line 121, in trigger
    return await wrapped_inner(event, kwargs)
           ^^^^^^^^^^^^^^^^^^^^^^^^^^^^^^^^^^
  File "/home/userbegi/learnbot/middlewares/auth.py", line 37, in __call__
    return await handler(event, data)
           ^^^^^^^^^^^^^^^^^^^^^^^^^^
  File "/home/userbegi/learnbot/venv/lib/python3.12/site-packages/aiogram/dispatcher/event/handler.py", line 43, in call
    return await wrapped()
           ^^^^^^^^^^^^^^^
  File "/home/userbegi/learnbot/handlers/admin_main.py", line 29, in adm_main
    await call.message.edit_text(*(await _admin_home_args()))
          ^^^^^^^^^^^^^^^^^^^^^^^^^^^^^^^^^^^^^^^^^^^^^^^^^^^
  File "/home/userbegi/learnbot/venv/lib/python3.12/site-packages/aiogram/types/message.py", line 3573, in edit_text
    return EditMessageText(
           ^^^^^^^^^^^^^^^^
  File "/home/userbegi/learnbot/venv/lib/python3.12/site-packages/pydantic/main.py", line 176, in __init__
    self.__pydantic_validator__.validate_python(data, self_instance=self)
pydantic_core._pydantic_core.ValidationError: 1 validation error for EditMessageText
inline_message_id
  Input should be a valid string [type=string_type, input_value=InlineKeyboardMarkup(inli..._game=None, pay=None)]]), input_type=InlineKeyboardMarkup]
    For further information visit https://errors.pydantic.dev/2.7/v/string_type
2026-03-20 16:01:35,591 | INFO | aiogram.event | Update id=940454552 is not handled. Duration 23 ms by bot id=8596279476
2026-03-20 16:01:35,591 | ERROR | aiogram.event | Cause exception while process update id=940454552 by bot id=8596279476
ValidationError: 1 validation error for EditMessageText
inline_message_id
  Input should be a valid string [type=string_type, input_value=InlineKeyboardMarkup(inli..._game=None, pay=None)]]), input_type=InlineKeyboardMarkup]
    For further information visit https://errors.pydantic.dev/2.7/v/string_type
Traceback (most recent call last):
  File "/home/userbegi/learnbot/venv/lib/python3.12/site-packages/aiogram/dispatcher/dispatcher.py", line 309, in _process_update
    response = await self.feed_update(bot, update, **kwargs)
               ^^^^^^^^^^^^^^^^^^^^^^^^^^^^^^^^^^^^^^^^^^^^^
  File "/home/userbegi/learnbot/venv/lib/python3.12/site-packages/aiogram/dispatcher/dispatcher.py", line 158, in feed_update
    response = await self.update.wrap_outer_middleware(
               ^^^^^^^^^^^^^^^^^^^^^^^^^^^^^^^^^^^^^^^^
  File "/home/userbegi/learnbot/venv/lib/python3.12/site-packages/aiogram/dispatcher/middlewares/error.py", line 25, in __call__
    return await handler(event, data)
           ^^^^^^^^^^^^^^^^^^^^^^^^^^
  File "/home/userbegi/learnbot/venv/lib/python3.12/site-packages/aiogram/dispatcher/middlewares/user_context.py", line 49, in __call__
    return await handler(event, data)
           ^^^^^^^^^^^^^^^^^^^^^^^^^^
  File "/home/userbegi/learnbot/venv/lib/python3.12/site-packages/aiogram/fsm/middleware.py", line 42, in __call__
    return await handler(event, data)
           ^^^^^^^^^^^^^^^^^^^^^^^^^^
  File "/home/userbegi/learnbot/venv/lib/python3.12/site-packages/aiogram/dispatcher/event/telegram.py", line 121, in trigger
    return await wrapped_inner(event, kwargs)
           ^^^^^^^^^^^^^^^^^^^^^^^^^^^^^^^^^^
  File "/home/userbegi/learnbot/venv/lib/python3.12/site-packages/aiogram/dispatcher/event/handler.py", line 43, in call
    return await wrapped()
           ^^^^^^^^^^^^^^^
  File "/home/userbegi/learnbot/venv/lib/python3.12/site-packages/aiogram/dispatcher/dispatcher.py", line 276, in _listen_update
    return await self.propagate_event(update_type=update_type, event=event, **kwargs)
           ^^^^^^^^^^^^^^^^^^^^^^^^^^^^^^^^^^^^^^^^^^^^^^^^^^^^^^^^^^^^^^^^^^^^^^^^^^
  File "/home/userbegi/learnbot/venv/lib/python3.12/site-packages/aiogram/dispatcher/router.py", line 142, in propagate_event
    return await observer.wrap_outer_middleware(_wrapped, event=event, data=kwargs)
           ^^^^^^^^^^^^^^^^^^^^^^^^^^^^^^^^^^^^^^^^^^^^^^^^^^^^^^^^^^^^^^^^^^^^^^^^
  File "/home/userbegi/learnbot/venv/lib/python3.12/site-packages/aiogram/dispatcher/router.py", line 137, in _wrapped
    return await self._propagate_event(
           ^^^^^^^^^^^^^^^^^^^^^^^^^^^^
  File "/home/userbegi/learnbot/venv/lib/python3.12/site-packages/aiogram/dispatcher/router.py", line 170, in _propagate_event
    response = await router.propagate_event(update_type=update_type, event=event, **kwargs)
               ^^^^^^^^^^^^^^^^^^^^^^^^^^^^^^^^^^^^^^^^^^^^^^^^^^^^^^^^^^^^^^^^^^^^^^^^^^^^
  File "/home/userbegi/learnbot/venv/lib/python3.12/site-packages/aiogram/dispatcher/router.py", line 142, in propagate_event
    return await observer.wrap_outer_middleware(_wrapped, event=event, data=kwargs)
           ^^^^^^^^^^^^^^^^^^^^^^^^^^^^^^^^^^^^^^^^^^^^^^^^^^^^^^^^^^^^^^^^^^^^^^^^
  File "/home/userbegi/learnbot/venv/lib/python3.12/site-packages/aiogram/dispatcher/router.py", line 137, in _wrapped
    return await self._propagate_event(
           ^^^^^^^^^^^^^^^^^^^^^^^^^^^^
  File "/home/userbegi/learnbot/venv/lib/python3.12/site-packages/aiogram/dispatcher/router.py", line 162, in _propagate_event
    response = await observer.trigger(event, **kwargs)
               ^^^^^^^^^^^^^^^^^^^^^^^^^^^^^^^^^^^^^^^
  File "/home/userbegi/learnbot/venv/lib/python3.12/site-packages/aiogram/dispatcher/event/telegram.py", line 121, in trigger
    return await wrapped_inner(event, kwargs)
           ^^^^^^^^^^^^^^^^^^^^^^^^^^^^^^^^^^
  File "/home/userbegi/learnbot/middlewares/auth.py", line 37, in __call__
    return await handler(event, data)
           ^^^^^^^^^^^^^^^^^^^^^^^^^^
  File "/home/userbegi/learnbot/venv/lib/python3.12/site-packages/aiogram/dispatcher/event/handler.py", line 43, in call
    return await wrapped()
           ^^^^^^^^^^^^^^^
  File "/home/userbegi/learnbot/handlers/admin_main.py", line 29, in adm_main
    await call.message.edit_text(*(await _admin_home_args()))
          ^^^^^^^^^^^^^^^^^^^^^^^^^^^^^^^^^^^^^^^^^^^^^^^^^^^
  File "/home/userbegi/learnbot/venv/lib/python3.12/site-packages/aiogram/types/message.py", line 3573, in edit_text
    return EditMessageText(
           ^^^^^^^^^^^^^^^^
  File "/home/userbegi/learnbot/venv/lib/python3.12/site-packages/pydantic/main.py", line 176, in __init__
    self.__pydantic_validator__.validate_python(data, self_instance=self)
pydantic_core._pydantic_core.ValidationError: 1 validation error for EditMessageText
inline_message_id
  Input should be a valid string [type=string_type, input_value=InlineKeyboardMarkup(inli..._game=None, pay=None)]]), input_type=InlineKeyboardMarkup]
    For further information visit https://errors.pydantic.dev/2.7/v/string_type
2026-03-20 16:01:41,156 | INFO | aiogram.event | Update id=940454553 is handled. Duration 1551 ms by bot id=8596279476
2026-03-20 16:01:43,409 | INFO | aiogram.event | Update id=940454554 is handled. Duration 304 ms by bot id=8596279476
2026-03-20 16:01:47,665 | INFO | aiogram.event | Update id=940454555 is not handled. Duration 12 ms by bot id=8596279476
2026-03-20 16:01:50,341 | INFO | aiogram.event | Update id=940454556 is not handled. Duration 16 ms by bot id=8596279476
2026-03-20 16:01:52,387 | INFO | aiogram.event | Update id=940454557 is not handled. Duration 11 ms by bot id=8596279476
2026-03-20 16:01:54,519 | INFO | aiogram.event | Update id=940454558 is not handled. Duration 18 ms by bot id=8596279476
2026-03-20 16:01:57,198 | INFO | aiogram.event | Update id=940454559 is not handled. Duration 18 ms by bot id=8596279476
2026-03-20 16:01:58,823 | INFO | aiogram.event | Update id=940454560 is not handled. Duration 15 ms by bot id=8596279476
2026-03-20 16:02:02,451 | INFO | aiogram.event | Update id=940454561 is handled. Duration 1392 ms by bot id=8596279476
2026-03-20 16:02:06,879 | INFO | aiogram.event | Update id=940454562 is not handled. Duration 22 ms by bot id=8596279476
2026-03-20 16:02:09,029 | INFO | aiogram.event | Update id=940454563 is not handled. Duration 23 ms by bot id=8596279476
2026-03-20 16:02:09,030 | ERROR | aiogram.event | Cause exception while process update id=940454563 by bot id=8596279476
ValidationError: 1 validation error for EditMessageText
inline_message_id
  Input should be a valid string [type=string_type, input_value=InlineKeyboardMarkup(inli..._game=None, pay=None)]]), input_type=InlineKeyboardMarkup]
    For further information visit https://errors.pydantic.dev/2.7/v/string_type
Traceback (most recent call last):
  File "/home/userbegi/learnbot/venv/lib/python3.12/site-packages/aiogram/dispatcher/dispatcher.py", line 309, in _process_update
    response = await self.feed_update(bot, update, **kwargs)
               ^^^^^^^^^^^^^^^^^^^^^^^^^^^^^^^^^^^^^^^^^^^^^
  File "/home/userbegi/learnbot/venv/lib/python3.12/site-packages/aiogram/dispatcher/dispatcher.py", line 158, in feed_update
    response = await self.update.wrap_outer_middleware(
               ^^^^^^^^^^^^^^^^^^^^^^^^^^^^^^^^^^^^^^^^
  File "/home/userbegi/learnbot/venv/lib/python3.12/site-packages/aiogram/dispatcher/middlewares/error.py", line 25, in __call__
    return await handler(event, data)
           ^^^^^^^^^^^^^^^^^^^^^^^^^^
  File "/home/userbegi/learnbot/venv/lib/python3.12/site-packages/aiogram/dispatcher/middlewares/user_context.py", line 49, in __call__
    return await handler(event, data)
           ^^^^^^^^^^^^^^^^^^^^^^^^^^
  File "/home/userbegi/learnbot/venv/lib/python3.12/site-packages/aiogram/fsm/middleware.py", line 42, in __call__
    return await handler(event, data)
           ^^^^^^^^^^^^^^^^^^^^^^^^^^
  File "/home/userbegi/learnbot/venv/lib/python3.12/site-packages/aiogram/dispatcher/event/telegram.py", line 121, in trigger
    return await wrapped_inner(event, kwargs)
           ^^^^^^^^^^^^^^^^^^^^^^^^^^^^^^^^^^
  File "/home/userbegi/learnbot/venv/lib/python3.12/site-packages/aiogram/dispatcher/event/handler.py", line 43, in call
    return await wrapped()
           ^^^^^^^^^^^^^^^
  File "/home/userbegi/learnbot/venv/lib/python3.12/site-packages/aiogram/dispatcher/dispatcher.py", line 276, in _listen_update
    return await self.propagate_event(update_type=update_type, event=event, **kwargs)
           ^^^^^^^^^^^^^^^^^^^^^^^^^^^^^^^^^^^^^^^^^^^^^^^^^^^^^^^^^^^^^^^^^^^^^^^^^^
  File "/home/userbegi/learnbot/venv/lib/python3.12/site-packages/aiogram/dispatcher/router.py", line 142, in propagate_event
    return await observer.wrap_outer_middleware(_wrapped, event=event, data=kwargs)
           ^^^^^^^^^^^^^^^^^^^^^^^^^^^^^^^^^^^^^^^^^^^^^^^^^^^^^^^^^^^^^^^^^^^^^^^^
  File "/home/userbegi/learnbot/venv/lib/python3.12/site-packages/aiogram/dispatcher/router.py", line 137, in _wrapped
    return await self._propagate_event(
           ^^^^^^^^^^^^^^^^^^^^^^^^^^^^
  File "/home/userbegi/learnbot/venv/lib/python3.12/site-packages/aiogram/dispatcher/router.py", line 170, in _propagate_event
    response = await router.propagate_event(update_type=update_type, event=event, **kwargs)
               ^^^^^^^^^^^^^^^^^^^^^^^^^^^^^^^^^^^^^^^^^^^^^^^^^^^^^^^^^^^^^^^^^^^^^^^^^^^^
  File "/home/userbegi/learnbot/venv/lib/python3.12/site-packages/aiogram/dispatcher/router.py", line 142, in propagate_event
    return await observer.wrap_outer_middleware(_wrapped, event=event, data=kwargs)
           ^^^^^^^^^^^^^^^^^^^^^^^^^^^^^^^^^^^^^^^^^^^^^^^^^^^^^^^^^^^^^^^^^^^^^^^^
  File "/home/userbegi/learnbot/venv/lib/python3.12/site-packages/aiogram/dispatcher/router.py", line 137, in _wrapped
    return await self._propagate_event(
           ^^^^^^^^^^^^^^^^^^^^^^^^^^^^
  File "/home/userbegi/learnbot/venv/lib/python3.12/site-packages/aiogram/dispatcher/router.py", line 162, in _propagate_event
    response = await observer.trigger(event, **kwargs)
               ^^^^^^^^^^^^^^^^^^^^^^^^^^^^^^^^^^^^^^^
  File "/home/userbegi/learnbot/venv/lib/python3.12/site-packages/aiogram/dispatcher/event/telegram.py", line 121, in trigger
    return await wrapped_inner(event, kwargs)
           ^^^^^^^^^^^^^^^^^^^^^^^^^^^^^^^^^^
  File "/home/userbegi/learnbot/middlewares/auth.py", line 37, in __call__
    return await handler(event, data)
           ^^^^^^^^^^^^^^^^^^^^^^^^^^
  File "/home/userbegi/learnbot/venv/lib/python3.12/site-packages/aiogram/dispatcher/event/handler.py", line 43, in call
    return await wrapped()
           ^^^^^^^^^^^^^^^
  File "/home/userbegi/learnbot/handlers/admin_main.py", line 29, in adm_main
    await call.message.edit_text(*(await _admin_home_args()))
          ^^^^^^^^^^^^^^^^^^^^^^^^^^^^^^^^^^^^^^^^^^^^^^^^^^^
  File "/home/userbegi/learnbot/venv/lib/python3.12/site-packages/aiogram/types/message.py", line 3573, in edit_text
    return EditMessageText(
           ^^^^^^^^^^^^^^^^
  File "/home/userbegi/learnbot/venv/lib/python3.12/site-packages/pydantic/main.py", line 176, in __init__
    self.__pydantic_validator__.validate_python(data, self_instance=self)
pydantic_core._pydantic_core.ValidationError: 1 validation error for EditMessageText
inline_message_id
  Input should be a valid string [type=string_type, input_value=InlineKeyboardMarkup(inli..._game=None, pay=None)]]), input_type=InlineKeyboardMarkup]
    For further information visit https://errors.pydantic.dev/2.7/v/string_type
2026-03-20 16:02:16,003 | INFO | aiogram.event | Update id=940454564 is handled. Duration 188 ms by bot id=8596279476
2026-03-20 16:02:23,341 | INFO | aiogram.event | Update id=940454565 is handled. Duration 613 ms by bot id=8596279476
2026-03-20 16:02:26,641 | INFO | aiogram.event | Update id=940454566 is not handled. Duration 21 ms by bot id=8596279476
2026-03-20 16:02:26,641 | ERROR | aiogram.event | Cause exception while process update id=940454566 by bot id=8596279476
ValidationError: 1 validation error for EditMessageText
inline_message_id
  Input should be a valid string [type=string_type, input_value=InlineKeyboardMarkup(inli..._game=None, pay=None)]]), input_type=InlineKeyboardMarkup]
    For further information visit https://errors.pydantic.dev/2.7/v/string_type
Traceback (most recent call last):
  File "/home/userbegi/learnbot/venv/lib/python3.12/site-packages/aiogram/dispatcher/dispatcher.py", line 309, in _process_update
    response = await self.feed_update(bot, update, **kwargs)
               ^^^^^^^^^^^^^^^^^^^^^^^^^^^^^^^^^^^^^^^^^^^^^
  File "/home/userbegi/learnbot/venv/lib/python3.12/site-packages/aiogram/dispatcher/dispatcher.py", line 158, in feed_update
    response = await self.update.wrap_outer_middleware(
               ^^^^^^^^^^^^^^^^^^^^^^^^^^^^^^^^^^^^^^^^
  File "/home/userbegi/learnbot/venv/lib/python3.12/site-packages/aiogram/dispatcher/middlewares/error.py", line 25, in __call__
    return await handler(event, data)
           ^^^^^^^^^^^^^^^^^^^^^^^^^^
  File "/home/userbegi/learnbot/venv/lib/python3.12/site-packages/aiogram/dispatcher/middlewares/user_context.py", line 49, in __call__
    return await handler(event, data)
           ^^^^^^^^^^^^^^^^^^^^^^^^^^
  File "/home/userbegi/learnbot/venv/lib/python3.12/site-packages/aiogram/fsm/middleware.py", line 42, in __call__
    return await handler(event, data)
           ^^^^^^^^^^^^^^^^^^^^^^^^^^
  File "/home/userbegi/learnbot/venv/lib/python3.12/site-packages/aiogram/dispatcher/event/telegram.py", line 121, in trigger
    return await wrapped_inner(event, kwargs)
           ^^^^^^^^^^^^^^^^^^^^^^^^^^^^^^^^^^
  File "/home/userbegi/learnbot/venv/lib/python3.12/site-packages/aiogram/dispatcher/event/handler.py", line 43, in call
    return await wrapped()
           ^^^^^^^^^^^^^^^
  File "/home/userbegi/learnbot/venv/lib/python3.12/site-packages/aiogram/dispatcher/dispatcher.py", line 276, in _listen_update
    return await self.propagate_event(update_type=update_type, event=event, **kwargs)
           ^^^^^^^^^^^^^^^^^^^^^^^^^^^^^^^^^^^^^^^^^^^^^^^^^^^^^^^^^^^^^^^^^^^^^^^^^^
  File "/home/userbegi/learnbot/venv/lib/python3.12/site-packages/aiogram/dispatcher/router.py", line 142, in propagate_event
    return await observer.wrap_outer_middleware(_wrapped, event=event, data=kwargs)
           ^^^^^^^^^^^^^^^^^^^^^^^^^^^^^^^^^^^^^^^^^^^^^^^^^^^^^^^^^^^^^^^^^^^^^^^^
  File "/home/userbegi/learnbot/venv/lib/python3.12/site-packages/aiogram/dispatcher/router.py", line 137, in _wrapped
    return await self._propagate_event(
           ^^^^^^^^^^^^^^^^^^^^^^^^^^^^
  File "/home/userbegi/learnbot/venv/lib/python3.12/site-packages/aiogram/dispatcher/router.py", line 170, in _propagate_event
    response = await router.propagate_event(update_type=update_type, event=event, **kwargs)
               ^^^^^^^^^^^^^^^^^^^^^^^^^^^^^^^^^^^^^^^^^^^^^^^^^^^^^^^^^^^^^^^^^^^^^^^^^^^^
  File "/home/userbegi/learnbot/venv/lib/python3.12/site-packages/aiogram/dispatcher/router.py", line 142, in propagate_event
    return await observer.wrap_outer_middleware(_wrapped, event=event, data=kwargs)
           ^^^^^^^^^^^^^^^^^^^^^^^^^^^^^^^^^^^^^^^^^^^^^^^^^^^^^^^^^^^^^^^^^^^^^^^^
  File "/home/userbegi/learnbot/venv/lib/python3.12/site-packages/aiogram/dispatcher/router.py", line 137, in _wrapped
    return await self._propagate_event(
           ^^^^^^^^^^^^^^^^^^^^^^^^^^^^
  File "/home/userbegi/learnbot/venv/lib/python3.12/site-packages/aiogram/dispatcher/router.py", line 162, in _propagate_event
    response = await observer.trigger(event, **kwargs)
               ^^^^^^^^^^^^^^^^^^^^^^^^^^^^^^^^^^^^^^^
  File "/home/userbegi/learnbot/venv/lib/python3.12/site-packages/aiogram/dispatcher/event/telegram.py", line 121, in trigger
    return await wrapped_inner(event, kwargs)
           ^^^^^^^^^^^^^^^^^^^^^^^^^^^^^^^^^^
  File "/home/userbegi/learnbot/middlewares/auth.py", line 37, in __call__
    return await handler(event, data)
           ^^^^^^^^^^^^^^^^^^^^^^^^^^
  File "/home/userbegi/learnbot/venv/lib/python3.12/site-packages/aiogram/dispatcher/event/handler.py", line 43, in call
    return await wrapped()
           ^^^^^^^^^^^^^^^
  File "/home/userbegi/learnbot/handlers/admin_main.py", line 29, in adm_main
    await call.message.edit_text(*(await _admin_home_args()))
          ^^^^^^^^^^^^^^^^^^^^^^^^^^^^^^^^^^^^^^^^^^^^^^^^^^^
  File "/home/userbegi/learnbot/venv/lib/python3.12/site-packages/aiogram/types/message.py", line 3573, in edit_text
    return EditMessageText(
           ^^^^^^^^^^^^^^^^
  File "/home/userbegi/learnbot/venv/lib/python3.12/site-packages/pydantic/main.py", line 176, in __init__
    self.__pydantic_validator__.validate_python(data, self_instance=self)
pydantic_core._pydantic_core.ValidationError: 1 validation error for EditMessageText
inline_message_id
  Input should be a valid string [type=string_type, input_value=InlineKeyboardMarkup(inli..._game=None, pay=None)]]), input_type=InlineKeyboardMarkup]
    For further information visit https://errors.pydantic.dev/2.7/v/string_type
2026-03-20 16:02:30,509 | INFO | aiogram.event | Update id=940454567 is handled. Duration 408 ms by bot id=8596279476
2026-03-20 16:03:08,002 | INFO | aiogram.event | Update id=940454568 is handled. Duration 1037 ms by bot id=8596279476
2026-03-20 16:03:11,886 | INFO | aiogram.event | Update id=940454569 is handled. Duration 188 ms by bot id=8596279476
2026-03-20 16:03:14,335 | INFO | aiogram.event | Update id=940454570 is handled. Duration 202 ms by bot id=8596279476
2026-03-20 16:03:16,675 | INFO | aiogram.event | Update id=940454571 is handled. Duration 380 ms by bot id=8596279476
2026-03-20 16:03:17,638 | INFO | aiogram.event | Update id=940454572 is handled. Duration 392 ms by bot id=8596279476
2026-03-20 16:03:19,251 | INFO | aiogram.event | Update id=940454573 is handled. Duration 408 ms by bot id=8596279476
2026-03-20 16:03:21,116 | INFO | aiogram.event | Update id=940454574 is handled. Duration 878 ms by bot id=8596279476
2026-03-20 16:03:23,759 | INFO | aiogram.event | Update id=940454575 is handled. Duration 184 ms by bot id=8596279476
2026-03-20 16:03:27,092 | INFO | aiogram.event | Update id=940454576 is handled. Duration 275 ms by bot id=8596279476
2026-03-20 16:03:29,292 | INFO | aiogram.event | Update id=940454577 is handled. Duration 438 ms by bot id=8596279476
2026-03-20 16:03:36,843 | INFO | aiogram.event | Update id=940454578 is handled. Duration 386 ms by bot id=8596279476
2026-03-20 16:03:40,757 | INFO | aiogram.event | Update id=940454579 is handled. Duration 205 ms by bot id=8596279476
2026-03-20 16:03:42,097 | INFO | aiogram.event | Update id=940454580 is handled. Duration 233 ms by bot id=8596279476
2026-03-20 16:03:49,759 | INFO | aiogram.event | Update id=940454581 is handled. Duration 195 ms by bot id=8596279476
2026-03-20 16:03:53,053 | INFO | aiogram.event | Update id=940454582 is handled. Duration 416 ms by bot id=8596279476
2026-03-20 16:03:58,368 | INFO | aiogram.event | Update id=940454583 is handled. Duration 610 ms by bot id=8596279476
2026-03-20 16:04:01,236 | INFO | aiogram.event | Update id=940454584 is handled. Duration 407 ms by bot id=8596279476
2026-03-20 16:04:07,791 | INFO | aiogram.event | Update id=940454585 is handled. Duration 459 ms by bot id=8596279476
2026-03-20 16:04:12,091 | INFO | aiogram.event | Update id=940454586 is handled. Duration 305 ms by bot id=8596279476
2026-03-20 16:04:26,058 | INFO | aiogram.event | Update id=940454587 is handled. Duration 244 ms by bot id=8596279476
2026-03-20 16:04:30,013 | INFO | aiogram.event | Update id=940454588 is handled. Duration 440 ms by bot id=8596279476
2026-03-20 16:04:33,789 | INFO | aiogram.event | Update id=940454589 is handled. Duration 194 ms by bot id=8596279476
2026-03-20 16:04:39,137 | INFO | aiogram.event | Update id=940454590 is handled. Duration 216 ms by bot id=8596279476
2026-03-20 16:04:45,473 | INFO | aiogram.event | Update id=940454591 is handled. Duration 408 ms by bot id=8596279476
2026-03-20 16:04:53,535 | INFO | aiogram.event | Update id=940454592 is handled. Duration 201 ms by bot id=8596279476
2026-03-20 16:05:07,608 | INFO | aiogram.event | Update id=940454593 is handled. Duration 770 ms by bot id=8596279476
2026-03-20 16:05:12,881 | INFO | aiogram.event | Update id=940454594 is handled. Duration 872 ms by bot id=8596279476
2026-03-20 16:05:18,656 | INFO | aiogram.event | Update id=940454595 is handled. Duration 243 ms by bot id=8596279476
2026-03-20 16:05:20,905 | INFO | aiogram.event | Update id=940454596 is handled. Duration 205 ms by bot id=8596279476
2026-03-20 16:05:22,514 | INFO | aiogram.event | Update id=940454597 is handled. Duration 419 ms by bot id=8596279476
2026-03-20 16:05:23,842 | INFO | aiogram.event | Update id=940454598 is handled. Duration 588 ms by bot id=8596279476
2026-03-20 16:05:26,216 | INFO | aiogram.event | Update id=940454599 is handled. Duration 638 ms by bot id=8596279476
2026-03-20 16:05:28,650 | INFO | aiogram.event | Update id=940454600 is handled. Duration 1396 ms by bot id=8596279476
2026-03-20 16:05:30,013 | INFO | aiogram.event | Update id=940454601 is handled. Duration 1313 ms by bot id=8596279476
2026-03-20 16:05:30,460 | INFO | aiogram.event | Update id=940454602 is handled. Duration 467 ms by bot id=8596279476
2026-03-20 16:05:32,372 | INFO | aiogram.event | Update id=940454603 is handled. Duration 759 ms by bot id=8596279476
2026-03-20 16:05:33,396 | INFO | aiogram.event | Update id=940454604 is handled. Duration 613 ms by bot id=8596279476
2026-03-20 16:05:36,263 | INFO | aiogram.event | Update id=940454605 is handled. Duration 510 ms by bot id=8596279476
2026-03-20 16:05:38,367 | INFO | aiogram.event | Update id=940454606 is handled. Duration 873 ms by bot id=8596279476
2026-03-20 16:05:41,158 | INFO | aiogram.event | Update id=940454607 is handled. Duration 181 ms by bot id=8596279476
2026-03-20 16:06:03,503 | INFO | aiogram.event | Update id=940454608 is handled. Duration 602 ms by bot id=8596279476
2026-03-20 16:06:05,351 | INFO | aiogram.event | Update id=940454609 is handled. Duration 612 ms by bot id=8596279476
2026-03-20 16:06:06,374 | INFO | aiogram.event | Update id=940454610 is handled. Duration 407 ms by bot id=8596279476
2026-03-20 16:06:07,905 | INFO | aiogram.event | Update id=940454611 is handled. Duration 511 ms by bot id=8596279476
2026-03-20 16:06:11,490 | INFO | aiogram.event | Update id=940454612 is handled. Duration 1154 ms by bot id=8596279476
2026-03-20 16:06:13,412 | INFO | aiogram.event | Update id=940454613 is handled. Duration 331 ms by bot id=8596279476
2026-03-20 16:06:24,460 | INFO | aiogram.event | Update id=940454614 is handled. Duration 485 ms by bot id=8596279476
2026-03-20 16:06:28,241 | INFO | aiogram.event | Update id=940454615 is handled. Duration 1390 ms by bot id=8596279476
2026-03-20 16:06:32,176 | INFO | aiogram.event | Update id=940454616 is handled. Duration 204 ms by bot id=8596279476
2026-03-20 16:06:34,241 | INFO | aiogram.event | Update id=940454617 is handled. Duration 328 ms by bot id=8596279476
2026-03-20 16:06:37,649 | INFO | aiogram.event | Update id=940454618 is handled. Duration 763 ms by bot id=8596279476
2026-03-20 16:06:54,518 | INFO | aiogram.event | Update id=940454619 is handled. Duration 1064 ms by bot id=8596279476
2026-03-20 16:06:56,986 | INFO | aiogram.event | Update id=940454620 is handled. Duration 212 ms by bot id=8596279476
2026-03-20 16:07:00,341 | INFO | aiogram.event | Update id=940454621 is handled. Duration 286 ms by bot id=8596279476
2026-03-20 16:07:06,313 | INFO | aiogram.event | Update id=940454622 is handled. Duration 345 ms by bot id=8596279476
2026-03-20 16:07:17,231 | INFO | aiogram.event | Update id=940454623 is handled. Duration 204 ms by bot id=8596279476
2026-03-20 16:07:20,727 | INFO | aiogram.event | Update id=940454624 is handled. Duration 219 ms by bot id=8596279476
2026-03-20 16:07:24,614 | INFO | aiogram.event | Update id=940454625 is handled. Duration 160 ms by bot id=8596279476
2026-03-20 16:07:29,113 | INFO | aiogram.event | Update id=940454626 is handled. Duration 205 ms by bot id=8596279476
2026-03-20 16:07:36,441 | INFO | aiogram.event | Update id=940454627 is handled. Duration 366 ms by bot id=8596279476
2026-03-20 16:07:37,890 | INFO | aiogram.event | Update id=940454628 is handled. Duration 383 ms by bot id=8596279476
2026-03-20 16:07:38,972 | INFO | aiogram.event | Update id=940454629 is handled. Duration 436 ms by bot id=8596279476
2026-03-20 16:07:40,989 | INFO | aiogram.event | Update id=940454630 is handled. Duration 411 ms by bot id=8596279476
2026-03-20 16:07:43,666 | INFO | aiogram.event | Update id=940454631 is handled. Duration 629 ms by bot id=8596279476
2026-03-20 16:08:05,155 | INFO | aiogram.event | Update id=940454632 is handled. Duration 1021 ms by bot id=8596279476
2026-03-20 16:08:07,001 | INFO | aiogram.event | Update id=940454633 is handled. Duration 208 ms by bot id=8596279476
2026-03-20 16:08:08,190 | INFO | aiogram.event | Update id=940454634 is handled. Duration 176 ms by bot id=8596279476
2026-03-20 16:08:14,348 | INFO | aiogram.event | Update id=940454635 is handled. Duration 174 ms by bot id=8596279476
2026-03-20 16:08:16,214 | INFO | aiogram.event | Update id=940454636 is handled. Duration 409 ms by bot id=8596279476
2026-03-20 16:08:18,261 | INFO | aiogram.event | Update id=940454637 is handled. Duration 817 ms by bot id=8596279476
2026-03-20 16:08:19,752 | INFO | aiogram.event | Update id=940454638 is handled. Duration 253 ms by bot id=8596279476
2026-03-20 16:08:21,009 | INFO | aiogram.event | Update id=940454639 is handled. Duration 212 ms by bot id=8596279476
2026-03-20 16:08:23,413 | INFO | aiogram.event | Update id=940454640 is handled. Duration 850 ms by bot id=8596279476
2026-03-20 16:08:25,430 | INFO | aiogram.event | Update id=940454641 is handled. Duration 204 ms by bot id=8596279476
2026-03-20 16:08:38,950 | INFO | aiogram.event | Update id=940454642 is handled. Duration 411 ms by bot id=8596279476
2026-03-20 16:08:39,980 | INFO | aiogram.event | Update id=940454643 is handled. Duration 218 ms by bot id=8596279476
2026-03-20 16:08:41,454 | INFO | aiogram.event | Update id=940454644 is handled. Duration 341 ms by bot id=8596279476
2026-03-20 16:08:45,714 | INFO | aiogram.event | Update id=940454645 is handled. Duration 213 ms by bot id=8596279476
2026-03-20 16:09:08,045 | INFO | aiogram.event | Update id=940454646 is handled. Duration 1243 ms by bot id=8596279476
2026-03-20 16:09:32,231 | INFO | aiogram.event | Update id=940454647 is handled. Duration 546 ms by bot id=8596279476
2026-03-20 16:09:35,665 | INFO | aiogram.event | Update id=940454648 is handled. Duration 806 ms by bot id=8596279476
2026-03-20 16:09:40,412 | INFO | aiogram.event | Update id=940454649 is handled. Duration 827 ms by bot id=8596279476
2026-03-20 16:09:43,650 | INFO | aiogram.event | Update id=940454650 is handled. Duration 393 ms by bot id=8596279476
2026-03-20 16:09:53,494 | INFO | aiogram.event | Update id=940454651 is handled. Duration 1432 ms by bot id=8596279476
2026-03-20 16:10:01,994 | INFO | aiogram.event | Update id=940454652 is handled. Duration 204 ms by bot id=8596279476
2026-03-20 16:10:50,637 | INFO | aiogram.event | Update id=940454653 is handled. Duration 924 ms by bot id=8596279476
2026-03-20 16:21:43,918 | WARNING | aiogram.dispatcher | Received SIGINT signal
2026-03-20 16:21:43,925 | INFO | aiogram.dispatcher | Polling stopped for bot @learnasawaken_bot id=8596279476 - 'Learn Bot'
2026-03-20 16:21:43,925 | INFO | aiogram.dispatcher | Polling stopped
2026-03-20 16:21:46,766 | INFO | __main__ | Starting LearnBot...
2026-03-20 16:21:46,768 | INFO | database.db | Database initialized.
2026-03-20 16:21:47,432 | INFO | __main__ | Schedulers started: friday rewards + reminders.
2026-03-20 16:21:47,432 | INFO | __main__ | Bot started. Polling...
2026-03-20 16:21:47,433 | INFO | aiogram.dispatcher | Start polling
2026-03-20 16:21:47,433 | INFO | utils.scheduler | Next Friday reward in 10h 38m
2026-03-20 16:21:47,638 | INFO | aiogram.dispatcher | Run polling for bot @learnasawaken_bot id=8596279476 - 'Learn Bot'
2026-03-20 16:21:56,658 | INFO | aiogram.event | Update id=940454654 is handled. Duration 563 ms by bot id=8596279476
2026-03-20 16:21:59,307 | INFO | aiogram.event | Update id=940454655 is handled. Duration 910 ms by bot id=8596279476
2026-03-20 16:22:24,779 | INFO | aiogram.event | Update id=940454656 is handled. Duration 763 ms by bot id=8596279476
2026-03-20 16:22:26,964 | INFO | aiogram.event | Update id=940454657 is handled. Duration 212 ms by bot id=8596279476
2026-03-20 16:22:32,382 | INFO | aiogram.event | Update id=940454658 is handled. Duration 715 ms by bot id=8596279476
2026-03-20 16:22:33,724 | INFO | aiogram.event | Update id=940454659 is not handled. Duration 25 ms by bot id=8596279476
2026-03-20 16:22:33,724 | ERROR | aiogram.event | Cause exception while process update id=940454659 by bot id=8596279476
ValidationError: 1 validation error for EditMessageText
inline_message_id
  Input should be a valid string [type=string_type, input_value=InlineKeyboardMarkup(inli..._game=None, pay=None)]]), input_type=InlineKeyboardMarkup]
    For further information visit https://errors.pydantic.dev/2.7/v/string_type
Traceback (most recent call last):
  File "/home/userbegi/learnbot/venv/lib/python3.12/site-packages/aiogram/dispatcher/dispatcher.py", line 309, in _process_update
    response = await self.feed_update(bot, update, **kwargs)
               ^^^^^^^^^^^^^^^^^^^^^^^^^^^^^^^^^^^^^^^^^^^^^
  File "/home/userbegi/learnbot/venv/lib/python3.12/site-packages/aiogram/dispatcher/dispatcher.py", line 158, in feed_update
    response = await self.update.wrap_outer_middleware(
               ^^^^^^^^^^^^^^^^^^^^^^^^^^^^^^^^^^^^^^^^
  File "/home/userbegi/learnbot/venv/lib/python3.12/site-packages/aiogram/dispatcher/middlewares/error.py", line 25, in __call__
    return await handler(event, data)
           ^^^^^^^^^^^^^^^^^^^^^^^^^^
  File "/home/userbegi/learnbot/venv/lib/python3.12/site-packages/aiogram/dispatcher/middlewares/user_context.py", line 49, in __call__
    return await handler(event, data)
           ^^^^^^^^^^^^^^^^^^^^^^^^^^
  File "/home/userbegi/learnbot/venv/lib/python3.12/site-packages/aiogram/fsm/middleware.py", line 42, in __call__
    return await handler(event, data)
           ^^^^^^^^^^^^^^^^^^^^^^^^^^
  File "/home/userbegi/learnbot/venv/lib/python3.12/site-packages/aiogram/dispatcher/event/telegram.py", line 121, in trigger
    return await wrapped_inner(event, kwargs)
           ^^^^^^^^^^^^^^^^^^^^^^^^^^^^^^^^^^
  File "/home/userbegi/learnbot/venv/lib/python3.12/site-packages/aiogram/dispatcher/event/handler.py", line 43, in call
    return await wrapped()
           ^^^^^^^^^^^^^^^
  File "/home/userbegi/learnbot/venv/lib/python3.12/site-packages/aiogram/dispatcher/dispatcher.py", line 276, in _listen_update
    return await self.propagate_event(update_type=update_type, event=event, **kwargs)
           ^^^^^^^^^^^^^^^^^^^^^^^^^^^^^^^^^^^^^^^^^^^^^^^^^^^^^^^^^^^^^^^^^^^^^^^^^^
  File "/home/userbegi/learnbot/venv/lib/python3.12/site-packages/aiogram/dispatcher/router.py", line 142, in propagate_event
    return await observer.wrap_outer_middleware(_wrapped, event=event, data=kwargs)
           ^^^^^^^^^^^^^^^^^^^^^^^^^^^^^^^^^^^^^^^^^^^^^^^^^^^^^^^^^^^^^^^^^^^^^^^^
  File "/home/userbegi/learnbot/venv/lib/python3.12/site-packages/aiogram/dispatcher/router.py", line 137, in _wrapped
    return await self._propagate_event(
           ^^^^^^^^^^^^^^^^^^^^^^^^^^^^
  File "/home/userbegi/learnbot/venv/lib/python3.12/site-packages/aiogram/dispatcher/router.py", line 170, in _propagate_event
    response = await router.propagate_event(update_type=update_type, event=event, **kwargs)
               ^^^^^^^^^^^^^^^^^^^^^^^^^^^^^^^^^^^^^^^^^^^^^^^^^^^^^^^^^^^^^^^^^^^^^^^^^^^^
  File "/home/userbegi/learnbot/venv/lib/python3.12/site-packages/aiogram/dispatcher/router.py", line 142, in propagate_event
    return await observer.wrap_outer_middleware(_wrapped, event=event, data=kwargs)
           ^^^^^^^^^^^^^^^^^^^^^^^^^^^^^^^^^^^^^^^^^^^^^^^^^^^^^^^^^^^^^^^^^^^^^^^^
  File "/home/userbegi/learnbot/venv/lib/python3.12/site-packages/aiogram/dispatcher/router.py", line 137, in _wrapped
    return await self._propagate_event(
           ^^^^^^^^^^^^^^^^^^^^^^^^^^^^
  File "/home/userbegi/learnbot/venv/lib/python3.12/site-packages/aiogram/dispatcher/router.py", line 162, in _propagate_event
    response = await observer.trigger(event, **kwargs)
               ^^^^^^^^^^^^^^^^^^^^^^^^^^^^^^^^^^^^^^^
  File "/home/userbegi/learnbot/venv/lib/python3.12/site-packages/aiogram/dispatcher/event/telegram.py", line 121, in trigger
    return await wrapped_inner(event, kwargs)
           ^^^^^^^^^^^^^^^^^^^^^^^^^^^^^^^^^^
  File "/home/userbegi/learnbot/middlewares/auth.py", line 37, in __call__
    return await handler(event, data)
           ^^^^^^^^^^^^^^^^^^^^^^^^^^
  File "/home/userbegi/learnbot/venv/lib/python3.12/site-packages/aiogram/dispatcher/event/handler.py", line 43, in call
    return await wrapped()
           ^^^^^^^^^^^^^^^
  File "/home/userbegi/learnbot/handlers/admin_main.py", line 29, in adm_main
    await call.message.edit_text(*(await _admin_home_args()))
          ^^^^^^^^^^^^^^^^^^^^^^^^^^^^^^^^^^^^^^^^^^^^^^^^^^^
  File "/home/userbegi/learnbot/venv/lib/python3.12/site-packages/aiogram/types/message.py", line 3573, in edit_text
    return EditMessageText(
           ^^^^^^^^^^^^^^^^
  File "/home/userbegi/learnbot/venv/lib/python3.12/site-packages/pydantic/main.py", line 176, in __init__
    self.__pydantic_validator__.validate_python(data, self_instance=self)
pydantic_core._pydantic_core.ValidationError: 1 validation error for EditMessageText
inline_message_id
  Input should be a valid string [type=string_type, input_value=InlineKeyboardMarkup(inli..._game=None, pay=None)]]), input_type=InlineKeyboardMarkup]
    For further information visit https://errors.pydantic.dev/2.7/v/string_type
2026-03-20 16:22:36,360 | INFO | aiogram.event | Update id=940454660 is not handled. Duration 23 ms by bot id=8596279476
2026-03-20 16:22:36,360 | ERROR | aiogram.event | Cause exception while process update id=940454660 by bot id=8596279476
ValidationError: 1 validation error for EditMessageText
inline_message_id
  Input should be a valid string [type=string_type, input_value=InlineKeyboardMarkup(inli..._game=None, pay=None)]]), input_type=InlineKeyboardMarkup]
    For further information visit https://errors.pydantic.dev/2.7/v/string_type
Traceback (most recent call last):
  File "/home/userbegi/learnbot/venv/lib/python3.12/site-packages/aiogram/dispatcher/dispatcher.py", line 309, in _process_update
    response = await self.feed_update(bot, update, **kwargs)
               ^^^^^^^^^^^^^^^^^^^^^^^^^^^^^^^^^^^^^^^^^^^^^
  File "/home/userbegi/learnbot/venv/lib/python3.12/site-packages/aiogram/dispatcher/dispatcher.py", line 158, in feed_update
    response = await self.update.wrap_outer_middleware(
               ^^^^^^^^^^^^^^^^^^^^^^^^^^^^^^^^^^^^^^^^
  File "/home/userbegi/learnbot/venv/lib/python3.12/site-packages/aiogram/dispatcher/middlewares/error.py", line 25, in __call__
    return await handler(event, data)
           ^^^^^^^^^^^^^^^^^^^^^^^^^^
  File "/home/userbegi/learnbot/venv/lib/python3.12/site-packages/aiogram/dispatcher/middlewares/user_context.py", line 49, in __call__
    return await handler(event, data)
           ^^^^^^^^^^^^^^^^^^^^^^^^^^
  File "/home/userbegi/learnbot/venv/lib/python3.12/site-packages/aiogram/fsm/middleware.py", line 42, in __call__
    return await handler(event, data)
           ^^^^^^^^^^^^^^^^^^^^^^^^^^
  File "/home/userbegi/learnbot/venv/lib/python3.12/site-packages/aiogram/dispatcher/event/telegram.py", line 121, in trigger
    return await wrapped_inner(event, kwargs)
           ^^^^^^^^^^^^^^^^^^^^^^^^^^^^^^^^^^
  File "/home/userbegi/learnbot/venv/lib/python3.12/site-packages/aiogram/dispatcher/event/handler.py", line 43, in call
    return await wrapped()
           ^^^^^^^^^^^^^^^
  File "/home/userbegi/learnbot/venv/lib/python3.12/site-packages/aiogram/dispatcher/dispatcher.py", line 276, in _listen_update
    return await self.propagate_event(update_type=update_type, event=event, **kwargs)
           ^^^^^^^^^^^^^^^^^^^^^^^^^^^^^^^^^^^^^^^^^^^^^^^^^^^^^^^^^^^^^^^^^^^^^^^^^^
  File "/home/userbegi/learnbot/venv/lib/python3.12/site-packages/aiogram/dispatcher/router.py", line 142, in propagate_event
    return await observer.wrap_outer_middleware(_wrapped, event=event, data=kwargs)
           ^^^^^^^^^^^^^^^^^^^^^^^^^^^^^^^^^^^^^^^^^^^^^^^^^^^^^^^^^^^^^^^^^^^^^^^^
  File "/home/userbegi/learnbot/venv/lib/python3.12/site-packages/aiogram/dispatcher/router.py", line 137, in _wrapped
    return await self._propagate_event(
           ^^^^^^^^^^^^^^^^^^^^^^^^^^^^
  File "/home/userbegi/learnbot/venv/lib/python3.12/site-packages/aiogram/dispatcher/router.py", line 170, in _propagate_event
    response = await router.propagate_event(update_type=update_type, event=event, **kwargs)
               ^^^^^^^^^^^^^^^^^^^^^^^^^^^^^^^^^^^^^^^^^^^^^^^^^^^^^^^^^^^^^^^^^^^^^^^^^^^^
  File "/home/userbegi/learnbot/venv/lib/python3.12/site-packages/aiogram/dispatcher/router.py", line 142, in propagate_event
    return await observer.wrap_outer_middleware(_wrapped, event=event, data=kwargs)
           ^^^^^^^^^^^^^^^^^^^^^^^^^^^^^^^^^^^^^^^^^^^^^^^^^^^^^^^^^^^^^^^^^^^^^^^^
  File "/home/userbegi/learnbot/venv/lib/python3.12/site-packages/aiogram/dispatcher/router.py", line 137, in _wrapped
    return await self._propagate_event(
           ^^^^^^^^^^^^^^^^^^^^^^^^^^^^
  File "/home/userbegi/learnbot/venv/lib/python3.12/site-packages/aiogram/dispatcher/router.py", line 162, in _propagate_event
    response = await observer.trigger(event, **kwargs)
               ^^^^^^^^^^^^^^^^^^^^^^^^^^^^^^^^^^^^^^^
  File "/home/userbegi/learnbot/venv/lib/python3.12/site-packages/aiogram/dispatcher/event/telegram.py", line 121, in trigger
    return await wrapped_inner(event, kwargs)
           ^^^^^^^^^^^^^^^^^^^^^^^^^^^^^^^^^^
  File "/home/userbegi/learnbot/middlewares/auth.py", line 37, in __call__
    return await handler(event, data)
           ^^^^^^^^^^^^^^^^^^^^^^^^^^
  File "/home/userbegi/learnbot/venv/lib/python3.12/site-packages/aiogram/dispatcher/event/handler.py", line 43, in call
    return await wrapped()
           ^^^^^^^^^^^^^^^
  File "/home/userbegi/learnbot/handlers/admin_main.py", line 29, in adm_main
    await call.message.edit_text(*(await _admin_home_args()))
          ^^^^^^^^^^^^^^^^^^^^^^^^^^^^^^^^^^^^^^^^^^^^^^^^^^^
  File "/home/userbegi/learnbot/venv/lib/python3.12/site-packages/aiogram/types/message.py", line 3573, in edit_text
    return EditMessageText(
           ^^^^^^^^^^^^^^^^
  File "/home/userbegi/learnbot/venv/lib/python3.12/site-packages/pydantic/main.py", line 176, in __init__
    self.__pydantic_validator__.validate_python(data, self_instance=self)
pydantic_core._pydantic_core.ValidationError: 1 validation error for EditMessageText
inline_message_id
  Input should be a valid string [type=string_type, input_value=InlineKeyboardMarkup(inli..._game=None, pay=None)]]), input_type=InlineKeyboardMarkup]
    For further information visit https://errors.pydantic.dev/2.7/v/string_type
2026-03-20 16:25:01,976 | INFO | aiogram.event | Update id=940454661 is handled. Duration 804 ms by bot id=8596279476
2026-03-20 16:25:03,494 | INFO | aiogram.event | Update id=940454662 is handled. Duration 342 ms by bot id=8596279476
2026-03-20 16:25:05,056 | INFO | aiogram.event | Update id=940454663 is handled. Duration 607 ms by bot id=8596279476
2026-03-20 16:28:08,561 | INFO | aiogram.event | Update id=940454664 is handled. Duration 675 ms by bot id=8596279476
2026-03-20 16:34:52,477 | INFO | aiogram.event | Update id=940454665 is handled. Duration 698 ms by bot id=8596279476
2026-03-20 16:35:06,314 | INFO | aiogram.event | Update id=940454666 is handled. Duration 333 ms by bot id=8596279476
2026-03-20 16:35:09,639 | INFO | aiogram.event | Update id=940454667 is handled. Duration 210 ms by bot id=8596279476
2026-03-20 16:35:11,272 | INFO | aiogram.event | Update id=940454668 is handled. Duration 205 ms by bot id=8596279476
2026-03-20 16:35:12,564 | INFO | aiogram.event | Update id=940454669 is handled. Duration 184 ms by bot id=8596279476
2026-03-20 16:35:15,797 | INFO | aiogram.event | Update id=940454670 is handled. Duration 286 ms by bot id=8596279476
2026-03-20 16:35:16,985 | INFO | aiogram.event | Update id=940454671 is handled. Duration 173 ms by bot id=8596279476
2026-03-20 16:35:18,439 | INFO | aiogram.event | Update id=940454672 is handled. Duration 408 ms by bot id=8596279476
2026-03-20 16:35:19,757 | INFO | aiogram.event | Update id=940454673 is handled. Duration 293 ms by bot id=8596279476
2026-03-20 16:35:20,897 | INFO | aiogram.event | Update id=940454674 is handled. Duration 204 ms by bot id=8596279476
2026-03-20 16:35:23,558 | INFO | aiogram.event | Update id=940454675 is handled. Duration 612 ms by bot id=8596279476
2026-03-20 16:35:24,721 | INFO | aiogram.event | Update id=940454676 is handled. Duration 346 ms by bot id=8596279476
2026-03-20 16:35:25,917 | INFO | aiogram.event | Update id=940454677 is handled. Duration 384 ms by bot id=8596279476
2026-03-20 16:35:29,301 | INFO | aiogram.event | Update id=940454678 is handled. Duration 1168 ms by bot id=8596279476
2026-03-20 16:35:30,537 | INFO | aiogram.event | Update id=940454679 is handled. Duration 215 ms by bot id=8596279476
2026-03-20 16:35:32,777 | INFO | aiogram.event | Update id=940454680 is handled. Duration 206 ms by bot id=8596279476
2026-03-20 16:35:34,053 | INFO | aiogram.event | Update id=940454681 is handled. Duration 212 ms by bot id=8596279476
2026-03-20 16:35:47,318 | INFO | aiogram.event | Update id=940454682 is handled. Duration 409 ms by bot id=8596279476
2026-03-20 16:35:49,236 | INFO | aiogram.event | Update id=940454683 is handled. Duration 342 ms by bot id=8596279476
2026-03-20 16:36:29,528 | INFO | aiogram.event | Update id=940454684 is not handled. Duration 21 ms by bot id=8596279476
2026-03-20 16:37:30,385 | WARNING | aiogram.dispatcher | Received SIGINT signal
2026-03-20 16:37:30,386 | INFO | aiogram.dispatcher | Polling stopped for bot @learnasawaken_bot id=8596279476 - 'Learn Bot'
2026-03-20 16:37:30,386 | INFO | aiogram.dispatcher | Polling stopped
2026-03-20 16:37:33,319 | INFO | __main__ | Starting LearnBot...
2026-03-20 16:37:33,320 | INFO | database.db | Database initialized.
2026-03-20 16:37:34,230 | INFO | __main__ | Schedulers started: friday rewards + reminders.
2026-03-20 16:37:34,230 | INFO | __main__ | Bot started. Polling...
2026-03-20 16:37:34,231 | INFO | aiogram.dispatcher | Start polling
2026-03-20 16:37:34,231 | INFO | utils.scheduler | Next Friday reward in 10h 22m
2026-03-20 16:37:34,433 | INFO | aiogram.dispatcher | Run polling for bot @learnasawaken_bot id=8596279476 - 'Learn Bot'
2026-03-20 16:37:39,930 | INFO | aiogram.event | Update id=940454685 is handled. Duration 765 ms by bot id=8596279476
2026-03-20 16:37:44,263 | INFO | aiogram.event | Update id=940454686 is handled. Duration 879 ms by bot id=8596279476
2026-03-20 16:38:00,845 | INFO | aiogram.event | Update id=940454687 is handled. Duration 1023 ms by bot id=8596279476
2026-03-20 16:38:09,041 | INFO | aiogram.event | Update id=940454688 is handled. Duration 410 ms by bot id=8596279476
2026-03-20 16:38:18,606 | INFO | aiogram.event | Update id=940454689 is handled. Duration 1138 ms by bot id=8596279476
2026-03-20 16:38:24,789 | INFO | aiogram.event | Update id=940454690 is handled. Duration 854 ms by bot id=8596279476
2026-03-20 16:40:26,610 | WARNING | aiogram.dispatcher | Received SIGINT signal
2026-03-20 16:40:26,610 | INFO | aiogram.dispatcher | Polling stopped for bot @learnasawaken_bot id=8596279476 - 'Learn Bot'
2026-03-20 16:40:26,611 | INFO | aiogram.dispatcher | Polling stopped
2026-03-20 16:40:29,294 | INFO | __main__ | Starting LearnBot...
2026-03-20 16:40:29,295 | INFO | database.db | Database initialized.
2026-03-20 16:40:29,940 | INFO | __main__ | Schedulers started: friday rewards + reminders.
2026-03-20 16:40:29,940 | INFO | __main__ | Bot started. Polling...
2026-03-20 16:40:29,941 | INFO | aiogram.dispatcher | Start polling
2026-03-20 16:40:29,941 | INFO | utils.scheduler | Next Friday reward in 10h 19m
2026-03-20 16:40:30,159 | INFO | aiogram.dispatcher | Run polling for bot @learnasawaken_bot id=8596279476 - 'Learn Bot'
2026-03-20 16:42:26,083 | INFO | aiogram.event | Update id=940454691 is handled. Duration 1658 ms by bot id=8596279476
2026-03-20 16:42:31,781 | INFO | aiogram.event | Update id=940454692 is handled. Duration 1213 ms by bot id=8596279476
2026-03-20 16:42:37,325 | INFO | aiogram.event | Update id=940454693 is handled. Duration 1226 ms by bot id=8596279476
2026-03-20 16:42:50,505 | INFO | aiogram.event | Update id=940454694 is handled. Duration 391 ms by bot id=8596279476
2026-03-20 16:43:10,362 | INFO | aiogram.event | Update id=940454695 is handled. Duration 1084 ms by bot id=8596279476
2026-03-20 16:46:19,695 | INFO | aiogram.event | Update id=940454696 is handled. Duration 776 ms by bot id=8596279476
2026-03-20 16:46:21,408 | INFO | aiogram.event | Update id=940454697 is handled. Duration 375 ms by bot id=8596279476
2026-03-20 16:46:23,024 | INFO | aiogram.event | Update id=940454698 is handled. Duration 416 ms by bot id=8596279476
2026-03-20 16:46:24,083 | INFO | aiogram.event | Update id=940454699 is handled. Duration 349 ms by bot id=8596279476
2026-03-20 16:46:25,267 | INFO | aiogram.event | Update id=940454700 is handled. Duration 408 ms by bot id=8596279476
2026-03-20 16:46:26,381 | INFO | aiogram.event | Update id=940454701 is handled. Duration 173 ms by bot id=8596279476
2026-03-20 16:46:27,991 | INFO | aiogram.event | Update id=940454702 is handled. Duration 24 ms by bot id=8596279476
2026-03-20 16:46:36,015 | INFO | aiogram.event | Update id=940454703 is handled. Duration 18 ms by bot id=8596279476
2026-03-20 16:46:41,740 | INFO | aiogram.event | Update id=940454704 is handled. Duration 19 ms by bot id=8596279476
2026-03-20 16:46:45,137 | WARNING | aiogram.dispatcher | Received SIGINT signal
2026-03-20 16:46:45,138 | INFO | aiogram.dispatcher | Polling stopped for bot @learnasawaken_bot id=8596279476 - 'Learn Bot'
2026-03-20 16:46:45,139 | INFO | aiogram.dispatcher | Polling stopped
2026-03-20 16:46:48,754 | INFO | __main__ | Starting LearnBot...
2026-03-20 16:46:48,756 | INFO | database.db | Database initialized.
2026-03-20 16:46:49,647 | INFO | __main__ | Schedulers started: friday rewards + reminders.
2026-03-20 16:46:49,647 | INFO | __main__ | Bot started. Polling...
2026-03-20 16:46:49,648 | INFO | aiogram.dispatcher | Start polling
2026-03-20 16:46:49,648 | INFO | utils.scheduler | Next Friday reward in 10h 13m
2026-03-20 16:46:49,868 | INFO | aiogram.dispatcher | Run polling for bot @learnasawaken_bot id=8596279476 - 'Learn Bot'
2026-03-20 16:46:51,215 | INFO | aiogram.event | Update id=940454705 is handled. Duration 10 ms by bot id=8596279476
2026-03-20 16:46:53,973 | INFO | aiogram.event | Update id=940454706 is handled. Duration 20 ms by bot id=8596279476
2026-03-20 16:46:55,163 | INFO | aiogram.event | Update id=940454707 is handled. Duration 19 ms by bot id=8596279476
2026-03-20 16:46:57,362 | INFO | aiogram.event | Update id=940454708 is handled. Duration 18 ms by bot id=8596279476
2026-03-20 16:46:59,337 | INFO | aiogram.event | Update id=940454709 is handled. Duration 12 ms by bot id=8596279476
2026-03-20 16:47:08,168 | INFO | aiogram.event | Update id=940454710 is handled. Duration 1322 ms by bot id=8596279476
2026-03-20 16:47:21,615 | INFO | aiogram.event | Update id=940454711 is handled. Duration 238 ms by bot id=8596279476
2026-03-20 16:47:27,118 | INFO | aiogram.event | Update id=940454712 is handled. Duration 676 ms by bot id=8596279476
2026-03-20 16:47:30,048 | INFO | aiogram.event | Update id=940454713 is handled. Duration 348 ms by bot id=8596279476
2026-03-20 16:50:18,760 | WARNING | aiogram.dispatcher | Received SIGINT signal
2026-03-20 16:50:18,760 | INFO | aiogram.dispatcher | Polling stopped for bot @learnasawaken_bot id=8596279476 - 'Learn Bot'
2026-03-20 16:50:18,760 | INFO | aiogram.dispatcher | Polling stopped
2026-03-20 17:48:27,107 | INFO | __main__ | Starting LearnBot...
2026-03-20 17:48:27,109 | INFO | database.db | Database initialized at ./learnbot.db
2026-03-20 17:48:27,941 | INFO | __main__ | Schedulers started: friday rewards + reminders.
2026-03-20 17:48:27,942 | INFO | __main__ | Bot started. Polling...
2026-03-20 17:48:27,943 | INFO | aiogram.dispatcher | Start polling
2026-03-20 17:48:27,944 | INFO | utils.scheduler | Next Friday reward in 9h 11m
2026-03-20 17:48:28,175 | INFO | aiogram.dispatcher | Run polling for bot @learnasawaken_bot id=8596279476 - 'Learn Bot'
2026-03-20 17:48:37,606 | INFO | aiogram.event | Update id=940454714 is handled. Duration 1015 ms by bot id=8596279476
2026-03-20 17:49:21,453 | WARNING | aiogram.dispatcher | Received SIGINT signal
2026-03-20 17:49:21,454 | INFO | aiogram.dispatcher | Polling stopped for bot @learnasawaken_bot id=8596279476 - 'Learn Bot'
2026-03-20 17:49:21,455 | INFO | aiogram.dispatcher | Polling stopped
